-1.3303058582391545,-0.434325580615089
-0.5924972261074593,-0.46453047635748296
-1.1514663829680862,0.41611224001806546
-1.5492485381753465,0.8027038296916662
-0.029999384901909565,0.16778807157434542
-2.550898666403688,0.8951192208886832
-1.204236560105029,0.5776550847730018
-2.0076783977997246,0.3298131705764211
-2.3929007725439684,1.0023550116130524
-0.43406313639471383,-0.37119599704158546
-1.0243161051435994,0.09476345784093444
-1.7303188927974933,-0.04281514187958224
-2.835142083623058,0.7128372359333114
-2.6237108800255813,0.7176294993959645
-1.8602891561940256,0.9923774293633051
-1.1314973855494095,-0.5159850609542471
-0.5818103680025788,-0.4266784189158561
-3.0441854407425044,0.03707690902891613
-1.2125651724538922,0.7102035888785216
-0.9991949806876501,0.009184374561152328
-1.6080788691091472,0.8890972913187793
-0.9952721569244962,-0.59617144409241
-1.700705861626605,0.896771448707588
-2.780827136834604,0.64280336743606
-1.292603276247485,0.6652461841800765
-1.9778544183194762,0.21589716727848582
-2.819583871326087,0.678417100150437
-1.8993123929673383,-0.053849421809319176
-1.2189033205776099,-0.4286013002108381
-0.791744427377514,-0.4854203504851642
-0.31077175947557456,-0.07167431749980765
-1.6522549541506881,-0.335223381072491
-0.9334505907294359,0.07029505658828776
-0.6034725585008933,-0.43058689893087404
-1.6457197324606816,-0.11112708156685057
-0.36047101280325355,-0.18269465497515341
-1.4938865126045393,-0.4398130341163262
-3.034666824636589,0.20236356974545477
-1.3440397545722442,-0.4046411760875248
-1.4777054900584912,-0.3469778397153196
-1.9730268101343804,0.5019435746007844
-2.284838566790355,0.8864313268451619
-2.2635042328486987,0.906075562674943
-0.6207677698554193,-0.43493124092621654
-1.1206294210437668,0.3915235866807588
-2.869880629393536,0.5878038966453305
-0.9603324957002513,-0.4835181035237305
-2.6600544513649687,0.7523609815657362
-0.7082954505693906,-0.48389049147922564
-1.6587685318184242,-0.23097527506769672
-1.7664280399920893,0.9507262140096867
-1.382793764162855,-0.34735213125302
-1.4606504849560245,-0.34443633479666663
-1.360691046650401,-0.33879176678426665
-0.17343079564010422,0.013909120584047604
-1.005888834231635,0.3481366079223894
-1.5741493172377918,-0.30535184355842604
-3.083667027635564,0.07189553239242846
-1.8946527382845548,0.34084585183535554
-1.8038959736437525,1.0253440939282148
-0.5250567188318576,-0.39020059732201506
-2.9966427851291253,0.26876779562932385
-1.9242671872756456,0.06620605431200255
-1.5447276482796466,-0.2792445266194328
-0.8458140333713551,-0.5546887857745991
-1.4148076997192787,0.8998170624488967
-1.9623801598227377,1.011897967383911
-2.0433269197174453,0.41390496702516066
-2.8649384926100865,0.3987656310127547
-2.9243982483176434,0.2859219039943523
-1.1089383314541403,0.4943017968113612
-0.9787775377547561,-0.5039453939797348
-1.7249032773441928,0.9719415828148369
-0.7151734059746804,-0.45672915184754076
-0.05512974495953005,0.34836109749389754
-1.971727820572869,0.44497730614213055
-0.9664395204260849,0.23231255176290683
-1.1817996593933504,0.41723508842136503
-2.6598983141035637,0.800168503912098
-1.5790951472500931,1.0219877766834784
-2.639682248700582,0.7757867503297922
-0.4102140095240072,-0.28212055223875143
-1.0109050094585987,0.37152033696252557
-2.65010299586981,0.9107456739257127
-0.10016997429064389,0.3851235381662591
-0.9458097258682938,0.29010430624643
-1.3236673325509019,-0.5138027801494128
-0.03560587643006463,0.2565636413631235
-3.0151680401528385,0.021461296424950278
-1.275447100658896,-0.37951270796055864
-0.9275542859419348,0.18722089256514687
-2.859455970166303,0.5215984184159529
-0.3029046982396666,-0.24758601457005835
-2.0667133262101403,1.0281110882606044
-1.2077389663388478,0.6480408030712447
-2.765738935134479,0.7891044927150201
-2.4839390493774207,0.8568448838299919
-1.9940235702836244,0.9378924426902338
-2.7324673390909666,0.7662733937107853
-0.2197196637994383,-0.2667177160837247
-0.9752241934754586,0.35158102809799996
-0.03876059428566858,0.2591861540827761
-0.05032023376267447,0.18198546315953743
-1.845743365427094,1.0261961062551863
-1.373027775956463,-0.4315942011348258
-1.9072554662358465,0.2954772666223846
-1.884592724972176,1.015399644194677
-0.5370146104486488,-0.35075887853296966
-1.0858385889735804,-0.5279030212913971
-1.9502435864191046,0.39759090321350254
-1.212392490145117,0.6262918930812117
-1.2168164360026172,-0.5165586839812111
-0.9923093685212152,0.090116852417676
-2.965519831050109,0.272941198921126
-1.0182390343260224,0.28136510577915197
-2.683655147205113,0.6824550143155623
-0.17089899776848005,-0.02720349273039014
-2.419067684312586,0.9099576369701589
-0.009737035306594644,0.456223424336874
-1.0951523053165524,0.3022485966331948
-2.0248796472169937,0.961121522125862
-2.2215065722567626,1.0222314776631556
-1.0800915642045268,0.5545308333497937
-2.6612414385647214,0.703067228199621
-1.7568334996757489,0.9508451843917397
-0.25591685636279093,0.061472424964867683
-0.04674055545263922,0.1579668461498365
-1.0403703848002221,0.3153383340022235
-0.25838830899941456,-0.08506499583670192
-1.6207725768073418,-0.3191036206016011
-0.18037443163505396,0.05592226249813386
-2.8634038861919984,0.4500159893984662
-0.05505351129998637,0.3860393186291424
-1.5382002327780209,-0.33603530533492243
-0.7742709674046657,-0.4534819940717547
-1.9344193266399903,-0.07404505645711607
-2.0649913953396934,0.9478102271147403
-1.9946095824950445,1.009980388432674
-0.6893235783338314,-0.48562808580221545
-0.10365243461042506,0.4927217855399866
-2.920449193972943,0.3814571187216646
-1.5760619170011114,0.8564796286034261
-1.2581359097769376,0.6814844184108857
-1.6362260047525874,0.9681066868205848
-2.961394269878884,0.39316075003012596
-2.3249633893925012,0.8062272882733228
-1.2173776550879958,0.470618878746892
-0.9447901651504267,-0.497433085942137
-2.9913746631645832,0.28528773726285145
-2.7070842245049063,0.6710402337532062
-1.6120464640766123,-0.16001527143944694
-0.128568833657148,0.05167934733837576
-2.783542910378854,0.37918096673532853
-2.746560213317074,0.7642284172608577
-0.0677910021485344,0.14014156631202668
-0.7213175132647316,-0.3990229749893371
-1.9569219806307259,0.09743238873240784
-1.8910037622473292,1.0340066516912434
-2.9977006762686376,0.2142057816306897
-0.4658708211347682,-0.4204756343945776
-1.187344005006889,-0.5320504774489625
-1.434051129982276,-0.4389701996617654
-1.6083860520802693,-0.3130567791802665
-2.589602702634253,0.7553115494401924
-1.3578733491526425,0.7836471777576147
-1.0288780886387399,0.09141697106216339
-1.0206711212684254,0.39810435897603796
-1.1943136606815845,0.5762043878513502
-0.2153356482365354,-0.2207925530079735
-0.20188048137990222,-0.10625918095251864
-1.838450095615389,1.0559051893368212
-1.2147571817857767,-0.4976419732024298
0.028102192771448653,0.24975711577324525
-2.1770283908206634,0.9618976209877378
-1.4152217884333913,-0.31457543146910466
-1.028298503923746,0.10025302119095444
-2.547334584688949,0.8697766005920244
-1.52891220415545,0.886926328850353
-1.6511506590892095,0.9770059274002476
-1.427439233674651,0.808125572144148
-0.15604891540740584,0.003786551714911171
-1.1068980199749008,0.5708266919962527
-1.1143634109592777,0.22594123619004483
-1.8004598169346109,-0.14179201637197109
-1.019877093519437,0.054061151250768796
-2.4521778784413493,0.9359840508001291
-0.26028072386906675,-0.17717733793494186
-2.1382036851849757,1.0193638290195854
-0.5617672767548061,-0.43168152637311014
-1.5706237277936428,-0.3142142354166646
-1.7937136120116424,-0.09427411399840896
-0.2845984833796571,-0.20719782926785768
-1.4338512187513073,-0.3186862493472428
0.03892383919069964,0.5546427264670343
-0.056470612955844546,0.3522629219095279
-1.58213967134395,0.9830878857616129
-2.9265180605649994,0.29557855239044595
-1.5941630824512463,0.8809462873857095
-0.07784309848863469,0.05187257158259116
-0.06609617834389936,0.2629452157711026
-2.774703956246765,0.5876289569863236
-0.0399379427962645,0.41624914024250625
-3.0342458474429526,-0.0055521902454389385
-1.4122268686976915,0.838052140064761
-1.928922912191897,0.1250815482902315
-1.7904774727790165,0.04077328996821911
-2.279878057817754,0.9092981747547306
-0.9479795835929299,-0.5469735641203588
-0.057275988481214624,0.18000707273216923
-1.1295397546957258,0.6390144910171083
-0.0842977955518811,0.2967864145889766
-1.7623376853745478,-0.009991992918270146
-2.5478467907693374,0.915327584345221
-1.7358810858070965,-0.3392694269126897
-1.55164279288666,-0.24435898854610485
-1.1715538494378923,-0.5530799782487916
-2.0092407522329516,0.29663485372807297
-1.129713143153003,0.4659559565458078
-1.1620205737182059,0.4365813140354934
-2.9223813500837696,0.5471954419535701
-1.8883579501950252,-0.09323178916862604
-1.840553320643013,0.9894729846158716
-1.8946258442045907,0.12294821185350004
-1.935828344247839,0.9151085482477033
-0.08832237042461388,0.3095585523691082
-0.9725400835024778,-0.4745105434626775
-2.62092115723364,0.8939166091302845
-1.6980184640272131,-0.17040424948479252
-1.313567440586144,0.7221931320770447
-1.81010967110202,-0.19971485266623762
-0.8233478400854841,-0.4330274193506428
-1.6587204274119602,0.885850322669374
-1.8177099438119695,-0.0407858309954903
-3.018488994280959,0.02514752956281836
-1.3842319358988993,0.7985646879628805
-1.838308148896411,-0.03272669403447534
-1.5417605766970828,0.9440244530114985
-1.9776984536339033,0.3602893426493772
-2.2156112006393283,1.034088940436064
-1.5312322335650164,-0.43090330523588954
-1.1023178860207001,0.42098217902438906
-1.0957196719144038,-0.09500671668273612
-1.0175898048952563,-0.4931753280981043
-1.119577139597721,0.14358762691171045
-0.9835036600162825,0.29005022722988927
-1.9911623031083798,0.09006848225111322
-2.561165370650842,0.8658192012428642
-2.0984112491367535,1.044105930168259
-1.6803764157254824,0.96777828224891
-1.7827371846552227,-0.14865622788218041
-1.9315856421415025,0.11338270171069595
-0.9956576895287998,0.12284317336128679
-2.8646272946312346,0.4108816276694249
-1.3276661134885765,0.7686402186139859
-0.10340529681131705,0.09139886858953626
-1.3713863055875708,-0.4750452453835319
-3.0569715421706136,0.14401070527924117
-0.6913650756053837,-0.5203744466393696
-0.07360479428124611,0.34001680292303244
-1.654576470860143,-0.19003085570581552
-0.41220816136881866,-0.20926060482937864
-1.9423759274443775,0.20942190079848583
-1.404947558457767,0.7704362834196857
-1.2508447739310808,-0.447804280161926
-1.4790625586389043,0.8650510937800265
-0.8799725179342051,-0.5399336795861742
-3.0030850720745783,0.29375365816557153
-2.0348009155921654,0.09775973277538091
-0.748685159550933,-0.4843367139399721
-1.8448950497911172,0.015463076434006434
-0.04707131962841227,0.2672546000977345
-0.7798777198985898,-0.5109116574964637
-1.8057111510482917,-0.1718452452271556
-2.0671114067398624,1.0283866997668891
-0.8148962783022449,-0.48254536250107827
-0.2871024452915263,-0.21406217417718498
-2.5604817120128973,0.9104707134423655
-2.6498020217324716,0.7351789956264818
-1.9551080358980826,1.0656513362732054
-1.9816526334341185,0.3494650410836357
-1.2611937047759274,0.822489858151773
-1.2465984467521947,-0.4584478210778391
-2.646011201854898,0.8132227029989629
-1.1729234017765255,0.5706319527441479
-1.169333868339593,0.5417296455091855
-2.8521666658788067,0.5320215129416813
-2.8148521957552863,0.5351631893635644
-3.0069898235335657,0.26486899307294154
-2.465541048718975,0.8623246045111138
-1.323023914449378,-0.4592662060887773
-1.5344103339943804,-0.33436832106567604
-2.955803287598572,0.2616474124252995
-1.912181007626615,0.34743012850440863
-2.7505284071679723,0.7290454577463904
-2.1125813279192065,0.985690747250452
0.00444438693489646,0.48298088281293894
-1.2770880059445582,0.708049724850664
-3.016493672290941,0.08444662354994087
-0.005715784242641853,0.16392979834326235
-0.990165481731055,-0.5493320922748383
-1.1724373686314866,-0.5180121246729897
-1.1230599048710073,-0.46797496361851687
-0.5684622962882262,-0.39119526520847864
-1.6642678877902728,-0.19271909955546848
-2.0738618986946364,0.49188930403672676
-2.3000845211374155,0.976068327459238
-0.4901344503558558,-0.4707326551827808
-0.10239719493283128,-0.10956045419270206
-1.9512467973685963,0.20004511501019742
-1.0141977194728122,0.13876625703668952
-1.8834048837013437,1.048235640004648
0.08388920961627022,0.4048564570987999
-2.8256557836416185,0.5272193612270875
-0.4214511877493847,-0.21744161752032473
-2.3835084676882095,0.9383728643963218
-2.2045937113597116,0.9525327876114404
-1.7612289631182765,-0.233986946241868
-0.863815079980448,-0.4038238193934742
-1.7622523938677626,0.965839247618968
-0.769487014728623,-0.44389704834721727
-0.10472786563756498,0.11920925466924044
-0.03235849513483702,0.09380663231524827
-0.9463926187246585,-0.49694899389365377
-2.027414665849706,0.9284475425031758
-1.440868649191871,0.8139232933294703
-0.9333222327394333,-0.46490937448041775
-2.2874168252728673,0.8429656163791928
-1.0498944489920525,0.19135498935535564
-0.10249218317379172,0.01056948254293335
-2.8275267432560014,0.5051041624911904
-0.831047620936572,-0.6429080987068904
-0.4145380718391569,-0.40922899831952364
-2.800088857917638,0.5280072845984589
-0.3711910100235032,-0.29395015418323056
-1.347776571363154,0.7451160628437952
-2.1938526547664874,0.9730812504595999
-2.063350162671239,0.4016847079349769
-0.017127708432950195,0.31045874300431375
-2.5891072310648546,0.7976840495631978
-2.652544481657235,0.8228393293759243
-3.025771243123462,0.10138468195334645
-0.23450174656484024,-0.07527171734053854
-0.10120662226750943,0.10841175558537197
-1.6302077270519075,-0.28381372053955656
-2.850697003911889,0.38564972881636816
-1.1140686839535476,-0.483780376969181
-2.8395237201467856,0.5262651154601811
-2.9491666988651044,0.18583917446922157
-1.0118788111146966,0.32434668946233497
-0.06294626066048536,-0.016440650804748116
-2.898229005419747,0.10151300469753727
-2.0536021533279287,0.1456130653214633
-0.40882895462123026,-0.3147825097498772
-2.2655769179400753,0.9493400508949118
-2.932060232395215,0.5624302175942028
-0.8207859028343891,-0.4373904368674212
-1.195259965396834,0.5337774911457596
-1.342506151780106,-0.48655878239421746
-0.995648693058452,0.22939525705232267
-0.19557376612114052,-0.1516928460376192
-1.8969394053038862,0.08222188499380562
-0.5743852379469281,-0.47328079760235225
-1.5927807132736826,0.9708518478923873
-2.8657660645089473,0.4299669257571747
-1.1772278822826592,-0.4920824933879314
-2.130601497044785,1.0623197368425898
-1.8612826813074985,0.08965191221699671
-1.4960128203914755,-0.39502196997213257
-1.1835080200294064,0.6022694993796934
-0.41197344070935027,-0.38445828760122785
-1.957625998715637,1.048451735116386
-1.64426311617742,0.9669969796425252
0.031100421351953678,0.4700594673390975
-1.0174484521327134,-0.45499789486702574
-0.7096691550263963,-0.5231803011830302
-2.4730585051102416,0.8444070497184237
-0.03470295995349715,0.1491384608613015
-2.028613057004177,0.4905909462665313
-1.0432801312981794,-0.4419822305861525
-1.8533275025536327,0.1105383373678087
-2.818064603103667,0.3817178068194046
-1.4318004454189521,0.8116970527712951
-1.9592932730324915,0.26129457552947283
-2.894341883227184,0.16736697539928633
-1.4040646756670019,0.8283757971289871
-1.1040541456368445,0.07345853005886999
-1.4725764205248977,0.8858510930158033
-1.7363949484526768,-0.19999800595525688
-0.38332968915379184,-0.28463330410627613
-1.1279101297977325,0.48635379404284784
-0.3094359378253715,-0.17329054439434724
-0.581823051953104,-0.38848139955541294
-0.09948921542907718,0.1931957097214178
-0.2484141598839329,-0.10930879189822526
-2.001076842872787,0.2503990404309993
-0.5165176616484017,-0.3698329326948771
-2.1776234836835613,1.0010324785253524
-1.7505871257405994,-0.15929420878471123
-1.1542325848593762,0.568241843740042
-1.6680916825818084,-0.31942523275363865
-1.5159685250049137,0.8748638196563275
-0.25869882256269316,-0.18668920349064827
-1.506646378484724,-0.3441846707032457
-0.2031788278471358,-0.23225066122767396
-2.964187080561441,0.34981762986403997
-2.36139183567404,0.9748552229048203
-0.00909708061961223,0.37482256990879
-1.1108902560032248,-0.5018590678348256
-3.0531165323947422,0.1422929330781143
-1.1170822541962724,0.4566763359574635
-2.9107976697230873,0.2425870236279298
-1.3568349586177013,-0.3876708277156068
-2.320136126850727,0.8874151861387104
-0.14834999955662354,0.0006077266550730716
-2.505508678804239,0.8365750982075574
-2.9006364185623528,0.4180687566228986
-2.00094163444402,0.36619031696876303
-1.7526406083325246,-0.11753941952270941
0.026213384847641574,0.4725076547069784
-2.000638326096388,1.0368113901524414
-2.6993730272241767,0.6396734169162216
-2.8295048539238086,0.6417938435093801
-1.20748691677972,-0.5018607136048476
-0.9982394002745643,0.1482740850071686
-1.9595674905340257,0.9997091909634408
-1.0401594520982074,0.017877867212002845
-2.7074525563502014,0.652580120492074
-2.617619209591482,0.7844629819509386
-1.9902883702017153,-0.055073761083357375
-2.954420947995634,0.2537242117932924
-1.9992396733605047,0.42052560909627323
-1.3301807651376114,-0.3987620683304959
-1.3385785335600577,-0.467357726735834
-2.2759588422022876,0.9719138630540386
-1.3326376688856305,0.7266565743042506
-0.7985447027211192,-0.42457885161301473
-1.3169860042111612,0.9290462005710205
-2.0345249292687253,0.5359458200001928
-0.3845332315711891,-0.2740296763210419
-1.668112719802882,-0.3493928792342428
-1.2306980391522684,0.5891803643354819
-1.9201883155439705,0.24324476300255152
-1.0018994593780863,0.30037666407369557
-1.7780319206452952,-0.1102884482284764
-1.6909216425025972,-0.3188806445156344
-1.7921265627379481,0.9310768868930452
-0.6426352737634042,-0.41504434902043075
-0.329367831693252,-0.28224214666388125
-1.8459450924178982,-0.06922474753824864
-1.3091565036631108,0.6652464345574525
-1.2735596702149405,0.6936118660096489
-3.0247306984675637,0.4356613694370174
-0.17803701474232092,-0.08657476353706746
-1.025499313554207,0.0653421749664487
-1.8648275080018912,0.17167948760519353
-3.018406607107652,0.12460364335261154
-2.444273462018608,0.8750051950337625
-2.0795604721706518,0.9583131682102826
-1.98158594869186,1.0565407817968315
-0.11920173437549586,0.11978903419352266
-0.6454438580683746,-0.3732182762774229
-1.707457222997958,0.8303319912796052
-0.5276386495400853,-0.40520540245689807
-2.6410737279318015,0.7575937759125884
-0.9565212320327814,-0.6004869892307175
-1.4208509123879907,0.8703717964066674
-2.4962290936442515,0.9697593145350379
-1.699045340751306,-0.23278892369501858
-0.14591481724859046,-0.041386869459403446
-2.1499020472562003,1.0918247818235298
-1.4895208983500445,0.8737876388762393
-0.75022616295522,-0.495351834423986
-2.7645226207306584,0.5142584607823864
-2.8370041770722425,0.7550288462656409
-1.9534612827495592,0.9508675369665703
-2.885386224511284,0.288928757792501
-0.33475790962955876,-0.1865916583360132
-3.0456659912623296,0.13832044766428322
-2.9939179949137373,0.0842278198211963
-0.25310392249955704,-0.3127494351435451
-1.5749504521166733,0.8803998138456213
-1.2367782150324498,0.6983371437105936
-0.43837841253069665,-0.34965015926430076
-1.9287343786824438,-0.02992948624205022
-1.9629224413949529,0.2048745525993244
-1.0032628433336248,-0.42077662619191264
-2.4696385780385945,0.9416014584236351
-2.1949035287919214,0.9988242672047002
-1.2928379716644405,0.7152031375025273
-1.493494826316391,1.0147784640768471
-1.0894180875271102,0.39729600671784576
-1.8111204134710341,0.9655818543787543
-1.5658011433549797,-0.37052437833046237
-1.251556802561157,0.6279571405666167
0.07089777845177414,0.2655256763956694
-1.9307637205304424,0.1853887761306248
-1.1663333975334587,0.5099329077245889
-0.388222979098074,-0.3353914900124973
-1.9036962436018598,0.05056284686132628
-0.060065311896446705,0.13698251253102978
1.332760308328785,0.767884877962312
2.4006615181983246,0.059619787265298874
2.3638609552522225,0.37317766303132005
2.078146348707939,-0.48627361705090516
2.2983901255261006,-0.5539275874192388
3.027572101300786,0.3876292188190743
1.9234539726052775,0.4785191358122062
2.5057009246605024,-0.1422811647103809
1.2418800208579688,-0.6510267376681378
1.2320304561269286,-0.5960473259836544
2.9399243803973576,-0.1474519082370908
2.514317184444614,0.03044219172377254
1.4828490887485266,-0.12350501185820392
2.312928716470833,0.48039026107615623
1.5656891863042581,-0.939292528543957
1.9137426170273657,0.4046197951743814
2.3400291678724865,-0.30330994431381864
1.5667329083638109,0.27002452103852226
1.2340864031126744,-0.6475090730418759
2.532578640470753,0.8844735188517859
2.419871089308644,-0.9388359626658621
1.546055717708307,0.08909939110526284
2.9018702375584935,-0.31602576245473224
1.1245826869495108,0.40639690908597054
2.419094213581651,0.9587142427648327
1.949941729503839,-0.5364944097451493
2.8446794267337716,0.5083407811016145
1.5079639012433477,0.08551063063770814
1.2509775344710357,0.660646603619693
2.874125751257406,-0.4550252304209883
1.895476319374335,-0.5303616206071134
0.9575679025112518,0.1594084464189912
0.9924324599085093,0.13796627030824785
2.052616182757931,-0.9489705728946978
1.5375173220685816,-0.046882200038518125
2.5285901750622535,-0.15904902226686948
1.8858864794351302,0.5299607125382636
2.078615243089607,-0.44894854485613644
1.5403022142157932,0.34556485479014143
3.0082900147124434,-0.31971087176960444
1.8473586209367037,0.42511199630263097
2.3808603040990333,0.901223397861692
1.6005440672746918,-0.31569278802110395
2.774867220310626,-0.6485291445845931
1.628973259281691,0.8711009622027854
3.0679107816884237,-0.009342363784159407
2.5652903030607677,-0.8276264504859322
1.7533380253046937,0.45162955794555243
1.7406652432169363,-0.41012769830030105
1.1973948174132252,0.5465828911885827
1.5691601463323936,0.16551903997858056
1.5734366028547992,-0.8967806440511082
1.6436406724145274,0.3404120367422808
1.098476874341757,-0.5159804271949882
1.0294577507366096,-0.22467923952175511
2.9969461079503246,0.2845686525689875
1.8242688097258792,0.4918563100423538
1.675753844539896,-1.0128601128882848
2.783645214839637,-0.5639213520905659
1.577428304967875,0.3881205824488401
1.5074426930080893,0.8739518646526778
2.398926726915927,0.221129393731205
1.473292190742471,-0.22211254116169687
1.9278982494229042,-0.46731687037321007
2.1708741451276214,0.46812713948293017
2.1943355224841947,-1.0580918330007452
2.9539912929912377,0.21061527657427362
2.3986640348192596,-0.2942698915665458
2.5052906443751266,0.294439197790942
1.6610503087789033,0.8952616669971338
1.1282271883972586,-0.39656094011966964
1.848782557936835,1.01580081806546
1.7220139962500485,0.3882029008469761
2.450863240132468,-0.23606925779941904
1.618656270646883,-0.9110416188281522
1.5109951252640423,0.14879847182642
2.5560029881728936,0.20654651693021805
1.2095242556891077,0.594888342551835
2.563263179431577,-0.026155915103880614
2.2593649013565127,0.481524755802906
2.0497783436271666,0.4817143538592521
2.923271138178566,-0.36342689121539945
2.4516608015535994,-0.4308764845057145
2.6830700745357765,-0.6891547520518109
1.7637680769148254,0.38156822057669676
1.8770384020833464,0.4853388632387386
1.7499915536209443,-0.4418797260846676
1.3474259797896848,-0.7200443925729388
1.6507970893880382,0.3177586894034334
2.192245660789337,0.9192970977481978
2.7246720890728313,-0.6748324590263997
1.6545604872958548,-0.3196010540697117
1.5253952718203996,-0.09841145811229401
2.269885536583571,-0.956575981246498
1.7352614668786943,-0.9362557317019593
1.5245770663356235,0.05161819098358897
2.179582371455681,1.0877381222821079
2.007952050366317,-0.6090854284891637
2.0727555293741364,0.9954965513801882
2.466851389422771,-0.9191252476374643
1.0786352723435215,0.44618268811182393
1.696421356723779,0.5359206335750938
1.739967670996288,0.9376122554328099
2.2825641973231914,-0.2913909280962257
2.887831413347926,0.12325285745203199
1.6872639817432127,-0.4362698907277826
1.1320790891260826,0.3467613011428099
3.0046907014689532,-0.38876386410201264
2.2228394754872216,0.4962953152636303
1.3096016700124307,-0.6330751644895504
2.3800590785993934,0.24137143393175278
3.027694135095628,0.04224210432652942
1.1208018593820173,-0.26938497836665587
2.977569854351235,0.2107353633022657
2.2474557273633105,-0.41828066066489356
1.9861190715686998,-0.4303296142320146
1.6348112026281791,-0.003696233314020696
2.295365229536228,0.35141399207105245
2.4849247012146285,-0.8482206632990575
2.031702661383966,-1.0016331582304139
1.9611266849904276,-0.5028544154315712
2.3154470118980583,0.9139271120498481
0.943841400901698,-0.3026591471648039
1.4567505229038,0.18941634716566547
1.7559766619333628,-0.3394214220389425
2.8954170888563606,-0.3713831700066262
2.0548483805440387,1.0049245568079739
1.6691666751408487,-0.29892637710102204
1.5540980598574257,-0.10855339438581973
1.679939909407417,-0.4387981769703994
2.380827332169404,-0.22851084424711143
2.876029315242091,-0.5480592145034425
2.2367266709376636,0.5331549887191012
2.0689019693243944,1.0254898657535712
2.123371763149579,0.461220565971991
2.545535108773999,-0.12110213826524843
2.1823792121139336,-0.4643634375486515
2.2222696937971214,-0.4502578524069737
2.1797447057225674,-0.46803274238269466
1.9729838197755742,-1.0597181553272503
2.150536173701373,-0.9107728856900827
2.241609235132771,0.9431898341755139
1.7688906027157358,0.8305625557001711
2.8530593287122494,0.576335109794347
2.485628700995951,-0.14370472299245768
3.04207442294232,0.0869819775394475
1.8972035655794586,0.5601230023808805
1.6575997010979249,0.4479374211608941
2.924718430183022,-0.16341190297713173
3.092677535387635,0.1231034622415114
1.089521637491699,-0.4804518096224822
1.4736202408681418,-0.09002712022076438
1.04915472352703,-0.21784555944519107
2.4927135622104815,-0.06116131906490502
1.0255301953711702,-0.016160215022293978
2.8528447678901996,0.5635697503479309
1.891703700352088,0.9722684851981117
2.836025354666895,0.4258380778856337
1.5011651321583268,-0.03085753550965195
2.841143652579794,0.31164833668804215
2.3242311327343854,0.3627758568467472
2.7813015130463823,-0.6113171352002129
1.951462338833233,1.021559135185329
1.486054677723561,-0.227419947300375
2.9153020433829204,-0.4376277127378856
1.5406397324934074,0.8396395931176671
1.6205938062101501,-0.2850033721705234
2.1069191090099046,0.47185424588786
2.453334269515434,-0.021494502326034982
2.2954491054579167,-0.3121399926655341
2.165671221241322,-0.44050836884139416
1.2922778644379154,-0.8000161250692663
2.4199727706440495,-0.3456223055741109
1.5247435578639617,0.11751858961466638
2.4103576986001887,-0.11534299513122333
2.4786392202941405,-0.8490636248736975
1.91208598541356,0.5135810627059589
2.2962114406356218,0.9750029381237627
2.145617782951456,0.4179930521932204
2.2120289759747065,-0.48626491900719704
1.7534350872047517,0.42603312669472315
1.424367027678748,-0.8919057087849638
1.1210305111493355,0.5431270122609309
2.4412615733843346,-0.22985918244749864
1.9530690082588142,0.9940473168829106
1.6675404826970588,0.33281286286420747
1.8468890448024515,-0.46252759240847463
1.972944852844015,-0.487019904966451
1.9473254325702087,0.5591410524483186
1.3776212865458182,0.8546682941269544
2.058003514265752,0.45014989008335476
2.093611571607816,-0.49077644004029786
1.3577934688169375,0.7166946745099064
2.1481730614737358,0.5447766302307341
2.2715649912909206,-0.5447930418863632
2.0722862237513753,0.5228076859885475
1.5731270927016234,-0.21839123203925806
1.3213034114328264,0.6715933238759372
2.8808700514053482,0.3898349768731183
2.2142044607501785,-1.0285350562883875
1.1463177745881188,-0.476858866831084
1.3022589237449402,-0.7699800137446935
1.1898118503739803,-0.5338255158868489
2.3317509228214717,-0.23296777477533587
1.4799870597508193,-0.9644130469184979
2.398772196499041,0.017027442075387533
2.887282157833516,-0.46210052740271074
1.76316137360521,-0.4116875538465668
1.9832979782750622,1.0159379383910006
2.014355464884966,0.5542877637971046
2.536349234913474,0.08103377333171226
1.0374003303631718,-0.509852277948413
1.2823069534457563,0.48672502895425973
1.941783403970248,-0.37776838769901666
3.015265794419736,0.09770664185768134
1.587213767470402,-0.45763990641577235
2.8834708310860178,0.4689130677150092
1.1187641104247992,-0.5433550176893357
3.0095825537805485,0.028966665480526215
2.4013021425437033,0.09994465519743716
2.6895351646959433,0.7392790246642933
1.0497134047113508,0.37955960604584726
3.0439811865521698,-0.07708156437141624
1.2122594101097464,0.5357494805978895
1.600269618663922,-0.30827481075208923
1.9965789270716026,0.48449350917394246
1.781369872327923,-0.9635858633282459
2.9547939476142187,-0.12357859942298967
1.0765626564928565,0.19664372727854454
1.5099525254921353,-0.9078058634166348
1.7412828772275173,-0.44143845076978805
0.9277934962368952,0.08097418647205207
2.434374383717721,0.19864193698142035
1.0935353971107078,0.35030657877720056
1.5098438411926538,0.1432726992426403
1.9432288601524756,-0.5516073693417195
2.471686672485753,0.24788843002538336
1.0661727551676046,-0.3371795504169516
2.057573344954579,-1.0474268255529582
1.5598972963701445,0.26651816573797404
1.9251121424922195,-0.9933353653233478
0.9620307009927958,0.002659252760806082
2.3562853043329577,0.38732667286650724
2.4081556455061173,0.04030235431298485
1.6918080889487166,-0.44323442699968163
1.57270713843798,-0.13374880468405848
1.5672954062358473,0.29288189766912104
2.9329337740819166,-0.47249105152646137
1.0221332843450779,-0.27805971605748736
2.6527676562658984,0.7507975161064857
2.4479213235011037,-0.2824038683009827
1.4380942034496393,-0.8567122955186449
2.6515008920252128,0.7552153499617577
2.540862778424014,0.8831330913412596
1.212606657088843,0.6481235227616217
1.4182175327775064,0.853965617955276
2.0194374218426216,0.90972309523853
2.2820899349132837,-0.9743989437138857
2.3680814606797864,0.21520117559474036
2.768121103916529,-0.6942438374741211
1.769754853346661,0.8983068025541218
2.661268908194801,0.7779357218447932
2.144701760428584,0.5069472975427782
2.6779521091489915,0.6639418268563533
1.4927395281518048,0.16981725687301744
1.5000769683124107,-0.14156427213959222
2.025946525920102,-0.5401778206716024
2.679062128448202,-0.7913680708283738
2.75722913644538,0.5861931314138025
1.6587923043802668,-0.2443442832218196
1.5010691734194914,-0.08222746939085296
1.3355102035194706,-0.682389765782705
1.9188990652731155,-0.4899436736513092
1.5511041849007225,0.3366502538363666
1.0262771990448023,-0.28869084613421564
2.628164825071977,-0.8492368029552426
1.1594958445210173,0.5904171515200466
1.5621058667839984,0.3779887131498935
1.5844001349293766,0.33415392149752343
1.5876764205936942,0.28420941955688134
2.595540087653293,-0.8000723979640105
1.4823224051177144,-0.10799681381220463
2.05419193839545,-0.8879922560536763
2.6864090634048905,-0.8117805942435428
2.4191499165034718,-0.8653852735813297
2.9217619385827964,-0.39485574575954924
2.489842183531783,0.15549921191511198
1.8447275889862567,0.9773278370789997
2.8470542548707516,0.5828413027044643
2.6685648937457764,-0.7727414390512936
2.8270890910241504,-0.5209979489304734
1.02536975770251,-0.11002054992870716
1.099053156790853,0.31768629133686754
1.4480759489833486,-0.8558862188129664
1.6244964975773568,-0.4927893955173633
1.5385336827971854,-0.29745937321812954
2.48419463988439,0.8224905086291147
2.3296180341376833,0.2633308847503867
1.5235338659901723,0.21982814374471724
1.6548027658110382,0.9238663934455609
1.9947700811254268,0.5049332449534436
1.9799743789913997,0.4481764317836473
2.9413595387562044,0.33638117189904015
2.2304144924016063,0.4440661385762309
1.7257759238464314,-0.4086944897905213
2.482258982796302,-0.11902231170088205
2.885963505974083,-0.5782357443335908
1.37101653639752,-0.8292344275270027
1.509820372302273,0.7804722910950397
2.564902532248592,-0.08589372397427956
2.3922258849393256,-0.3244718328838656
1.0321177885156236,0.323735545852881
1.2232873295491955,-0.5935509787818535
1.2350962076648422,-0.6677662055604194
2.8878727757734826,0.4149860243415949
1.7375906182603886,0.3843783959519584
1.0086721590521077,0.4912714708247026
1.5384085145672186,0.19611780338354523
1.1909873717345336,-0.36484453786706406
2.874011670581674,-0.35511559814664306
2.5026688253654292,0.13386052146212438
1.7332219320923046,-0.355784532069234
1.9174928236635904,0.4375713257394266
2.5440920205802717,0.00378652554483222
1.554616847931715,-0.3639599907982022
3.0502588699767976,-0.15261049883266745
1.4576550812371263,-0.08810366025615085
2.885368821412425,0.4463829931918535
1.8277512825638182,0.4548998822399586
2.136518881748677,0.5214243536107681
2.510318927051113,0.24005655849964191
2.825789298400028,-0.45028770882575364
1.7077405495051141,-0.4282767986896084
3.015382962722639,0.14889290333504962
1.5810590875905672,-0.05059203434780496
1.0154165622979674,-0.06890417335320373
2.348885508314895,0.30025903319037905
2.258588218930218,0.47722305188167585
1.603973788196442,0.9077486470560393
1.9304412428450997,-0.9312423457944933
1.8576459840579487,-0.3335275122453532
2.4150306211085133,-0.26026135135564715
2.4182885308866764,0.3656450954856943
2.249553555600497,0.4411092270562744
1.9337804789196888,-0.487422563522213
1.9322769508799604,-1.0109805153795448
2.1446966794326916,-0.4735084770230948
1.617396691353993,0.864589365434126
2.1862274968686473,0.4312726574969127
2.4716499716928215,0.1467596173024858
2.9768643302107916,0.31445124347138037
1.4777193748102218,0.046440608291590434
1.4437359826937528,0.9090588799226079
2.4946373749020876,0.2355204388368348
2.5849633084634944,0.8347325640647715
2.449432423200372,-0.17141957126696128
2.213559392619405,0.9782730217186582
2.4941243772592534,0.8143244066385338
2.430974364436116,0.22177556460333847
2.326992214353498,0.9438281754484668
2.4963595697424257,-0.8042973993872597
1.5276087475450815,-0.24093191732308072
1.660990918766231,-0.34903819614439646
1.8120433104453582,-0.44391824076802966
1.02331468875764,0.05918396146642865
2.722471391034293,-0.6350165860823475
2.027022065147293,1.020564585226125
1.4907115768559889,-0.02041254407437738
0.9505047514433653,-0.14323893733829712
2.015232094102137,-0.9552973498372396
2.8164122988358784,0.5516300482059333
2.482106598421536,0.8923652237701749
2.070964277540391,-0.5889706860907648
2.9975337964926214,0.011951680062338245
2.2828030270753015,-0.8592912505423289
1.5157957960973056,0.1656817667390844
1.8179642176733581,-0.5246259005849543
1.2327503094812609,0.5437569431492677
1.613753080207387,0.30882611044744857
2.1567868190381323,0.5236861288423516
2.4526752850031204,-0.21534663764211673
1.8491162640434406,-1.0112374839429317
1.4533978997775696,0.0208699915873063
2.5501911381457902,0.04916778433913593
1.2507790994816848,0.7095344610940165
2.3083647593464804,-0.41916139442720685
1.3087309459275123,0.7378128805335883
2.105694067883734,-0.45845967177694424
1.5717480604664698,-0.9826358241493554
1.9208253751239648,1.0017854047257457
2.1240984786728943,0.5468917415117145
2.4280795038573504,0.9552488430220717
1.6934844300883043,0.3471644764950659
1.5022860092539294,-0.017585903950832895
2.434706905558238,-0.9269699465506627
2.3651693781622267,0.38546059311312636
2.9960767787066507,-0.5369193648568732
1.0950513055700521,-0.4831451802414562
1.0855555546098277,-0.47014619634978266
1.7532727070053995,0.36673209811901475
1.8237418436147057,-0.9867060268886465
1.5608506709340015,0.24886074302120254
1.0147228681241263,-0.1494086849151127
2.3030020776610307,-0.38739959405003577
2.447794355287246,-0.0966217220241571
2.4743503697647107,0.07688401629181206
1.8618669423110954,0.5261982382928034
2.4101346791176037,-0.9774857271757316
1.4425473436206175,0.8739417209436899
0.9849840927620244,0.08452895009860963
2.4795479498455832,-0.2679222179983489
1.9360126662290693,-0.5380709283758163
2.2157569225877305,-0.4650178721845657
2.235326326324152,-0.4550295668363377
1.4687785321649578,-0.12369046085434043
1.2614738788909343,0.7175857403569204
1.6367747945780318,0.8777790339516658
2.4916359316940175,0.20391337173941793
1.0287567170241765,0.18338849360471582
1.4897161847811786,0.20564097763294398
2.336163026611578,0.3889883005941616
2.109468297998027,0.9750768618283011
1.907447648697785,0.5148799549663908
2.5556527500055353,0.11248644116107101
1.4970552490684335,0.050393308758871914
2.141209106068106,-0.5634180375969475
2.6190457535660916,0.9586798240793624
1.1152826088177827,0.5006491791886389
1.5926687850024197,-0.16908184453844888
2.374183993579363,-0.31352763500051317
2.368022724634349,0.24308058068799146
2.127389002487971,-0.47030224824649247
2.623762531437965,0.809710849984498
1.5161828106253514,-0.27225343536642727
2.1791989756983527,0.9739850376475986
1.8283382151956753,-0.4258546079062249
1.9873048813569385,-0.5135491004264429
1.0137000813713,-0.07141624647332519
2.338140673236484,0.42948600127492004
2.688380212901583,0.5834280548178284
1.9630815819746972,-1.0521693335925124
1.5421675219944377,0.049247980021682985
1.4139393818826083,-0.8230458898556049
1.2670788493251246,-0.6175723891218037
2.9869857805956563,-0.22676576399073142
2.366746404298651,-0.9077768171077091
2.7234929562419747,0.772544782853186
2.6964118735518166,0.7352578976938579
1.0836882439073916,-0.1277450276476768
1.9144182130807184,-0.9267187908273082
2.41129077112626,-0.30835454802232065
2.1841421682082123,-0.46290758405263677
2.370366223087747,0.4270575838451279
1.8337874159381387,-0.4592165375220239
1.5908791777564484,-0.3310480374079279
2.2627252607681836,-0.4534426987647982
1.2401012730983285,-0.5289571534907169
2.3397579090831275,0.39758673070096134
2.2970150261210156,-0.3275188489421264
1.8344116757381042,-0.9661204998162662
1.1909856620728934,0.5901788611418366
1.6064294138053734,0.3918928352502876
2.142970658945365,-0.42995292315762274
1.9666838044600548,-0.5141679262257687
1.7182454527718074,0.47835922803172953
2.2278258021700807,-0.9971332099024548
3.054190257000919,-0.12314377562274431
2.3098693961338803,-0.42283308845724277
0.9308228229091335,0.278175067443591
1.5822109411603,-0.4311425341741635
2.5441292693115765,0.21646066589283341
1.706550593320427,0.9109116637667111
1.7971844183344352,0.39119334650796933
2.8738244877513415,0.6186082179237808
1.491003031049345,-0.8240931527213002
1.7207861918900615,0.45219518531744746
2.4323489672167176,-0.202890191824923
1.7047777848608736,-0.9148410499635582
2.409617588563504,-0.19734194495247157
2.569515791759146,0.8101951637438178
2.2265232187333046,-1.010119085434357
1.9730439862861981,0.5381162452291598
1.584564928565328,-0.25907532367811886
1.3642703404984435,0.8166426877407148
2.4331760775246436,-0.29957321957981076
1.7737095093414692,1.0691259985775243
1.3500984020759375,0.7372049686270443
2.2943915319970074,0.44638390126489735
2.9523801250690447,-0.25463851689217365
2.5052711427475267,0.3197002242531224
2.583585675030477,-0.8147016443339034
2.996267270673135,0.2512754839756215
1.5765052768048087,0.17692571338056756
2.172799215268133,-1.0693383911466336
2.460826874316573,0.026120687544004484
1.9218304156301862,0.5126427957354461
2.095821767679585,-1.056769956124266
0.8812769903443816,0.257296679253447
2.350317646196294,0.9026539565242551
1.6267996028736023,-0.9953552092040525
3.3989696696610556,-0.7832338621877653
0.22800590749390537,-0.8284746284781987
-0.6649259723156158,0.36238922127097517
2.0956865771529642,-1.9677119212076568
-2.289032208990289,1.212452294804054
-1.8826417644228304,-1.550400887566688
-1.3438155001073433,0.719594498238727
1.2172442329062907,1.3961942753607337
3.5261163928099597,0.6920919923318438
2.8817886948056355,-0.9492515164033044
-0.4597857728632908,-0.7284413287682212
2.154349931173768,0.9922216692297772
-0.7894322197277166,0.6659132251293576
-3.895536556962096,1.626306533314923
-0.6174173000214536,1.6251689515242767
-3.635706421033861,-1.6657818760112715
-0.0009350549647777484,-1.111562043313191
1.8414206411053478,0.7315524062091039
1.0453403589551256,1.3639733756824413
2.772641390608329,-0.9170567802471483
-2.233087461319447,0.7098907918738155
-3.1255289238569164,-1.1910145418226659
3.119259541134313,0.5695653392928737
-2.4280376242563477,0.7388670978109042
-2.5064927708240985,0.5510016650407104
-2.264223802713727,0.8545791486068537
3.8577216621212145,-0.034000929586839757
1.2946824730724193,1.9972588201736863
-0.788270607648105,1.2456139520200917
-3.182342942790001,-1.9530538494126137
3.7256836823902244,0.43068630718669265
-1.0419141803007985,-0.17363440652541628
-3.156022914235793,-1.8862026482095793
2.0525692074043844,0.14350272826317445
3.192895041061978,0.44651862895828165
-0.25458724919873443,0.3855719142339624
1.1306635359947759,-0.6501169490061676
1.0458289046612803,-0.6426684733486043
3.2625955237783346,-1.1093475166185884
-2.050056115231225,0.9605676841009738
2.219186954877694,0.05911218130417417
1.4776588930156098,-0.6592939118889656
-2.1497321018933633,0.5697361405386068
0.2007088309668701,1.5670803112692502
-0.09759462435397204,-1.5644806237324613
2.3267299324214665,-0.5191218727015796
-1.9904109214103824,0.16104163573481634
-3.1591842553792855,-1.7877705689154255
0.9450537843871105,-1.8461819561818573
0.8264444248777423,-0.9635222993345156
