-0.3303707857536943,7.536620597158648,8.669944087353482
-1.2925539632828866,8.600897824060738,8.306406109066085
0.5894524718495632,-1.9348475386556683,3.5199991651491493
0.7142509135062736,2.7021774441735333,1.312545379185153
-0.11593029494313645,7.231813076936937,7.950138927657477
1.8165383715076513,-2.7093400997010244,1.418363542507336
-1.0199196964423463,-1.4069116402843098,2.9624983478066587
-1.7768128204121378,6.40436701413216,10.241538028932295
0.12738615296772715,6.036768273268347,9.665988496602761
-0.949267300874044,7.942617082331774,9.227413375639761
-0.3603431211673789,3.962115050514679,3.4748708282669827
1.392402610749318,-0.4812870521096906,1.8753928554367796
0.09487390910948446,-1.3132884156331628,4.56346793307918
-2.4942312273399088,8.074607137001239,8.851022572787045
-1.2600072253221652,7.567110389454105,10.075395955646783
1.4596468259243573,5.300526791475164,1.505465563349321
1.5342454387775812,0.6484094501984985,3.0226897317063623
1.7486330801697445,-1.672137469632936,3.5047101356766697
0.8168432355434565,-1.9348655552256937,2.3456081973170475
0.8629946366057156,5.642235377241478,2.401058482962208
1.1748765916023223,4.157980074855077,1.8361530702544302
1.6516686576360717,-1.7329488762788172,2.0665648560036383
2.0894684347376664,4.298262333722471,0.7557959065337314
0.8145206588531905,-0.6656661840593543,2.7806725655986204
2.17653320726639,-3.071980343266479,1.9706523819720871
-0.9748810771439846,8.51492411464001,8.53144990588736
1.630768203779938,4.765118374033277,0.4006762949620577
0.846024912368164,-0.001642917389998555,1.615308624709875
1.1150109407213769,-0.6485218277126037,3.182948147560719
-1.6178879593314195,7.537454036678453,11.023048152589862
-1.070470812802588,7.6863191432233355,9.794861518080722
0.03646464480548939,4.860131484801619,0.5930972041607037
-1.014778698170024,9.399579782495433,8.97136299980374
2.950265211714207,-0.08233963498651775,3.11600663629979
-3.3241256085674036,8.337885708142407,9.778088845476223
0.6989271294443895,3.8316510594439497,1.86993788473958
1.6084714927069508,3.754131426568567,2.5763932609418148
0.23188450047161258,7.931445463671733,9.577933350018474
0.6156751339991162,8.442002109892053,9.652790134983231
-1.659297211514306,8.26132375513173,8.755427156058717
-1.903172977372908,7.85137449132016,7.840143879830855
0.7145980115541462,4.124407634565124,1.362496944857809
-3.8978467191186312,7.573907303684681,10.715789480892106
2.3580146061393013,-0.03388254273245761,2.1602192267445033
-0.841787016630857,-1.497310953634878,0.8642063784874323
-1.8680500635236172,7.778241085716392,9.034358893838146
1.9427514315947332,4.16989509285715,1.479499619563076
1.049127061383935,4.285233082305548,2.155304806243535
-1.4308459337712358,8.663865999216908,8.410888545123187
2.262398789919716,5.175560817888997,1.0693075579352376
-1.2153223594317013,9.315739059039533,8.58993306114643
0.15804911721780346,4.3864972632463015,0.7642090660859009
-1.7722165129232588,7.6919137468864625,9.878141354895988
-0.8747307309182996,8.041136564847172,10.243383786806417
0.9291406377390402,3.407860273888988,3.2573417274069323
2.999225136320893,-2.1470705102922722,3.0741860966176144
0.6672063774658278,-2.076927110059674,3.3977459039202325
2.0970170597140054,-2.5289123018657196,2.552930358650987
0.9144847446482237,-1.7841102510723563,3.083087808101795
-0.37772526420414687,-3.1648818106220737,2.228043075681773
-1.9173760232253392,9.156946555137335,6.824737975962103
1.0097090070551236,4.984354571803511,0.49177083133293586
1.2247441390273726,-4.749030835995678,3.478130968563987
0.6442396820807903,4.007686924544846,-0.16309323513103546
2.819961608574454,5.829294566110954,0.6097319398156849
-2.11751889647898,9.43033617892088,8.942394524699962
0.7062265549583334,-1.69930258195263,2.9753994808837643
1.794705582441005,4.705937143013303,2.173323079759186
-1.6727620492075963,8.460722264053532,10.043078920740639
-0.9189565624726499,7.611420514417604,10.156061767728726
1.8102286474594569,3.6613777101811786,1.9552472661404285
-1.7020620391889265,8.849468919754068,9.768942592776577
1.381205448455034,-1.0176787933511138,2.8748921033810277
-0.3071526824502676,10.182507327282025,9.707164847392466
0.6352598880801085,-2.3685938289291695,3.5300721294281185
-2.974122762469715,6.209391945720917,8.540083670960062
2.0222780466150887,4.405429309188346,2.6154308643213584
-0.7819872049356255,7.602731457807167,8.691037615697857
1.2887498218998945,-2.1263931322299974,2.4702215821705495
1.3748558053793418,3.2506129475013084,1.4157912547382105
2.0084150568371113,4.843739759615133,-0.19599366594710776
0.7786781056426271,-2.466967879617492,2.487244141987521
-0.19529614661476047,-3.7783645912728057,2.9330835426589763
2.0238554159643094,3.8798910938476396,-1.4595005976690572
0.9380053492695007,0.14415784323843983,1.9149567536648917
-3.37038340302513,6.96882204013796,9.108284184758158
-1.5644201246910048,9.24982454064188,7.87671761602605
-0.619563727980001,7.731148518274843,9.638931332781725
-1.9611670344407268,7.219577159548412,10.372581133835554
1.9755980502397656,4.343955525463904,2.563741510348608
0.05287892733704025,7.180403405661178,10.175291454766956
-1.318901828319603,8.054643160832713,9.026295595780088
-1.016526973742939,7.6502002661872,9.100222899297503
0.6416583312875379,-0.9841955695829803,3.2535179577948172
-3.450406625027817,6.2695795597117385,8.873575816437588
0.1425917013529827,-0.5903384948363506,3.5843005315762984
1.9161670593444988,4.910176328190176,2.057028362147149
-2.1722791374722834,7.20661808275209,11.302746589940973
1.055248381186757,5.109869659305214,2.574372440381179
-0.8985100043565366,9.622223709956025,8.66194905831662
-0.5889388505343169,6.464970748449763,9.908565144217327
0.7924731267390457,-1.1974337138227924,2.736687202242597
-0.7491156430093182,4.66303691609052,2.937202475502567
-2.175903529631451,7.036352472986836,10.18320851602305
1.224800705976186,4.272541992024439,1.9157935589432058
1.9234559844165944,-0.989430450579608,3.403293702633766
-0.5303077322197348,8.33654915946697,10.325355891674226
-0.2746161375108169,5.229038079198721,1.1504813632642419
0.3466281694574824,3.831528923273671,0.5419064841827865
0.9477303547566096,-2.006920390515294,4.318354016634489
-0.1726194454422918,6.054177987733906,3.241685839140759
0.4051679931556015,2.3358591258155315,2.116150721832211
0.7503304228550661,2.649216560936163,1.4155448837206734
-2.585379238368233,7.580801712108434,9.279368591166435
0.1094805102948957,3.7375966530924707,1.7788147730358463
-2.8479591836874,8.14304864266637,8.378841855437411
0.9408385887864559,3.992626328818771,-0.5536741271497192
-0.8298366101277269,7.967765761058856,9.399408014606413
-1.4248188682647835,6.244936963298686,9.257465472851594
-1.3161352625231288,8.110842130091271,9.736773698982093
-2.9043217882953156,7.741809457445994,7.9721981853406385
0.6638285996814582,-1.5556928323790253,3.5489192249178214
0.7607427365817268,-2.1901193205507807,1.9837282527264768
-0.2118722448668462,4.154373045208542,1.751938606327612
-0.38342696072849836,2.1657699780908133,2.4562046202646446
0.4572611524719217,7.348880767266533,7.603823438687417
0.42940251544673247,8.332097206569195,10.261108790918545
0.8029981073645969,5.3843885776594815,-0.8375267742915238
-1.884355609254409,8.496922370257167,9.70577340533238
-0.7823307070343649,7.541821812038274,8.839046346827532
1.8549686744120522,4.3117536010982125,3.14384044054143
-0.1774314060901203,6.299594605408973,8.452503819341805
0.15353115204640566,-2.849360683622859,2.9932111199499873
1.4646965459991084,3.4654563619162797,2.436431265868252
1.0352794810780583,-0.567632346837252,3.992916271051304
0.29421774609002305,-0.4973316546694395,1.832720094858206
0.8241549195007423,-2.3227903958162077,1.9296330522892284
4.033594412174223,4.6293273581171865,2.440397262864544
1.0589631678415363,5.326355731568167,0.5762158122920324
-0.1755279875342992,4.458969923354654,1.4232584651283007
0.2974926890917142,3.9501594709675083,1.3145200507712316
-0.3837812088422319,9.031469104750801,9.624742444076034
1.3047462061515702,-2.6126840625896377,3.9961728917545036
-1.9510300080888676,7.090013902401646,8.944317139860699
0.5509615029592708,-2.21446920535745,3.792974766539392
-0.2754075587179433,7.248481787952962,8.351564530531958
-0.5387450715044277,3.4101155150863085,1.3750238939772768
0.9686284985634834,-1.629434021871046,2.9441782481764767
-0.4272659396493452,7.4805763067664985,8.96459842373593
0.3998617108091488,-0.44595156780308587,2.526127774515849
-3.664652896922203,9.192783505708952,9.531431111444567
1.8058411721908874,4.096469330275536,3.1732661288277795
-0.043489194450377244,7.826828329702187,9.29172713502014
0.4803789115713654,-0.9345798061369439,2.925181730111897
0.3905806503470536,-3.4046017272287132,3.497100537759586
-0.8968765291067338,3.2975343049454917,1.8431040078364087
0.1800842393817469,2.9032460600988257,1.8709169447918481
1.7495164086465587,5.815859777699744,3.360249991301389
-0.14960338428974618,-0.5317920311959629,3.748256022973364
0.7269988025096902,3.1449010044582,2.1068645283543996
-1.9914473247355522,8.409942986117997,8.567975240865964
-0.9243141826968058,3.1662081304172522,0.29322863639395047
1.463757598014388,-0.9801478697783343,3.6242628128076064
2.8176534150727788,-2.8007937328846233,3.3507578626240813
1.4981991172207303,-0.8463400966343875,3.317838828093218
0.4095724581145378,4.061637813205786,3.5696588051568896
0.6326528222841117,4.235843795620355,3.2318547513255016
0.7601828430153499,-0.9362335541098414,2.70894172276226
0.700225855206989,-1.7981370859895653,2.7594152323667
-2.3060338249692744,7.950965160043816,10.120529757185487
0.03860831970178846,3.740477289076253,2.9485309479891235
1.4753631333081714,-0.7985753711273326,2.8740151037169492
1.5201912282700272,3.1991008278491284,1.331546156690223
0.7907975689006222,-3.0735625133702644,3.4525820937360923
0.4112424973213681,-0.5494300610588706,2.361948994171063
0.791036122171172,4.177659156655466,1.80668095653056
-2.849170521386199,6.958546548047151,8.812509397569068
1.3996331481545061,-0.9438268678708389,3.9576687520066844
0.29374517163027847,-0.8086006025289532,3.6302762224237037
1.069729543514279,2.684145981863803,0.42984143332280866
0.29221082653049,5.566109513655447,0.04971093046942476
0.674962872754437,4.206679687530852,2.2487461498593926
0.7582531948725934,4.76344444497002,1.7569762226571106
2.738767848905081,3.021547860886111,2.3250943159139363
-1.5795428371538636,6.6086155682720085,10.146661960618271
-1.2070167707131647,8.302434014806323,9.207110206684018
0.49800130637130535,-1.340567289167367,1.0730115334273442
-2.699553729917217,6.822582464091697,8.334921971144546
0.31137535352536627,6.298493311462159,9.72837572680627
0.12860166047963317,-0.5614178636840833,4.827968623827218
0.8013266948521517,-1.9028876363135223,1.7026301734196636
1.8345078639012518,4.398121617424582,0.5693636627850887
-3.121706593323025,8.893936547247078,8.38821961220561
-1.420788851037896,6.882511104765531,11.245445039963295
1.3485905027273133,-3.356953734691674,2.9237340551284507
0.29891212548941726,-0.820986408483163,4.403636465632861
0.09499169254850326,8.366823856093795,10.486904747636517
2.350296695920589,-3.2574888338834156,2.7860076695859246
0.1314980264061829,7.622326755019991,10.88136744604889
1.362370732498983,3.838767280460583,2.1749647354707977
1.5429070069102586,2.5439601077378797,0.7992982408102889
1.0846196273096742,4.565455804335784,1.1405121913340186
-1.8993108278337587,8.185097669635391,7.3588469794148
1.2393036889622764,-2.1140230962924367,2.386703100355935
0.7017800250442883,5.6756737568103475,1.7591624389835905
1.193730083670001,-2.2988901920765454,3.4428442703715176
0.9537222167261744,-1.9731496138512916,3.3002593027287612
0.6412490392970898,2.5868157925763935,0.5934019908910451
1.9058644069396904,3.2409924066678606,1.1688612534657272
1.1002813564618914,5.214183156268539,2.600437566252151
-1.4280033195931159,5.943251481173632,11.368792579385826
0.430312377366263,-0.9607412360391601,3.696549142024418
0.41106502996774785,0.04154121178954129,3.534897995234884
0.4029828872189354,6.556969217578923,9.69427048868698
-1.507037121977519,7.083336275327278,9.50604672065979
0.5740452614029787,2.770771814948116,3.601513078037514
0.9535641272186767,-3.144793103550146,4.0775572061324885
1.9823430003281228,3.266672457923636,0.24999989347077145
2.14081780998505,-2.143684689165016,2.8241453709550752
0.37984688524206756,-1.7448544233189178,3.365852534709752
2.1879685374207147,3.5615180397775568,3.1538141918277725
3.053026448847789,-2.1173337975101916,3.2172693324064885
1.8157865365874095,5.542808306454826,0.2704636346811591
0.9048196589997308,-2.4312728637388967,1.569386383413886
-0.648277216088951,7.981303472501245,8.833977966883804
0.8788400387608959,4.942660825734546,3.116654204837603
-1.4634564499934832,8.44887638427782,7.972341701677041
1.1212047130821499,4.659792922002852,2.630139373541999
-2.387728485214195,8.060196025238525,8.770922786633964
-1.574683415625401,7.275964098798226,8.309766159267053
1.3600702387132317,7.796554068050605,9.98406926881626
-2.338735695331404,8.329696911402737,7.8886669338710895
-0.8405025875602266,4.11577242838843,2.1443342358276554
-2.7212779764353314,7.094518849210974,9.931953795338005
-0.10938477294918525,3.0352703364801314,1.2805403541296507
-0.8775353390622502,7.529636459751664,9.684382528065862
-0.9293929930395072,7.959768022794711,8.217396126882754
-1.1614123906946485,7.78152987030031,8.480132957927706
1.724798622496392,0.08139552272959882,3.757799764595709
0.9176440833807311,5.560358727736694,2.352014717829062
-0.7660670414428237,3.2353129483426386,3.710616921420937
1.9603873716492584,3.144581002675552,1.6187304287901312
-3.304736118792465,7.436673688427054,9.09972704098344
-0.027814016978902067,8.465367905054464,11.542440956707932
-0.7805373099386221,-2.1198517004193036,3.9685151459382233
0.8807344268261531,-2.3255648657344707,3.8954639925525862
0.2502663839230159,-1.352673662558092,2.7355848265607774
1.1161693252296268,2.9570560287534438,0.8555203473334974
-2.336706741765804,8.574112675155517,8.887621400151811
2.24865621329461,3.5007925854609256,3.077570724516251
0.3151658467306455,3.1235963118224737,2.252910159579021
2.3405218157764534,5.403376232934715,1.4275330803351611
0.39459708145910677,3.765953374350066,0.4992438437375706
-1.2730558716425264,8.450310117845875,10.370014901786817
0.9105360079837095,-2.18290211478207,3.247568303195949
2.703836774280832,4.353844579936617,2.089772529984387
-0.36047275484267116,-3.037725505900264,1.6838259012548276
0.2681229744170497,-0.40181813428805824,3.938570093606422
-2.0187212428373575,-1.0952403438890304,2.188831968840545
1.7662348919877002,4.503126706170622,1.9152725868337859
-1.6195362960126323,6.769457833274537,10.03110440022912
-1.6943319414886706,7.58042533563363,9.040279395795647
1.1704767226339161,3.336289929209526,3.1235272117099537
1.621327605410504,3.001551364731845,2.330117810271436
-1.6993299135381275,7.85528390214895,10.208802287831668
1.2491252421188135,2.3465991290018176,1.6032761633039605
-0.6695109544162929,6.983072548784713,8.706823416908414
1.1986042273820865,4.099140841425413,2.008823998413242
1.046129348632881,-0.5156870557320932,3.763028588698214
-1.5070338949087052,7.085586091994789,9.012109932871894
1.1985299802852034,4.738970295009764,2.009519422333256
-0.06514505347413402,6.738766790055047,10.3149279493252
4.077800662643146,5.162541480440308,0.9004919940259262
0.06190674379152861,-1.9483923396683789,1.8615828065771556
1.396413832745878,-1.574401240209456,3.236639729527991
2.421105788564587,4.4966481906579245,1.6344027010105897
-1.3972780755584586,0.6275531296227785,2.238707494683621
0.9392703195751407,-0.3849586249546353,3.7762952893046378
0.6778797240441318,-1.3071720811561556,2.2627983866379413
3.8092800550069645,-0.627334207091206,2.376952072214779
-0.3605081914193933,5.475167867318703,8.990413816190147
1.1413507654703985,4.9004751061713065,2.8160501212290288
0.13595371828383052,-0.9520516514865488,1.8142457902966684
-1.0002736859426316,7.8285944946572625,10.017266168665744
0.2820970625575592,-3.5755411422650636,4.01103995541626
1.860922254669902,-3.897751724346603,5.050069764460588
0.047801869815354836,-2.7362687937880583,3.8396886344227066
0.14285349794915958,7.3901579871531915,11.382105021769352
2.649917557269463,6.279179111692256,0.8782554674689658
1.224654484305808,5.628515368213721,2.762305034198371
1.011386090259414,-2.1563017932401323,3.2573811527189527
0.5545642000996411,2.0527590350003226,0.3695434106489093
0.26106651428685446,7.294938045597636,8.465308661029392
2.120702703552371,-0.7045658281940249,1.9250436232399166
0.2933080914702576,3.6506608217028997,2.485034170952309
-1.9693846577912644,7.70472830009652,9.74249568263342
-0.9030655408666204,7.3626250546620895,9.039805110600355
0.5113254975670425,-2.216317335083324,4.528659833191936
-1.1616945088608588,6.982410767874805,9.51701080145611
-3.23769715601812,7.277976218294719,8.880691209852458
1.9366362174765779,-1.5719884220696583,2.699870757115424
0.6310582264298517,-0.8417230997039997,3.865756867553363
1.69049389892617,6.588120681918735,3.6193701011615023
0.7450833689665202,2.6935438674326924,3.485869419405092
1.4330720538779649,-2.0269937032697007,4.120733973290429
1.2116037473680572,3.449282455754828,2.612043653975748
2.463879888212735,3.7155325101227317,0.655005614281176
1.50562306583056,-2.9708206168159763,3.5947243260015913
1.3203116425315131,3.19447230991688,2.3973250342020824
3.0238009694248955,-0.643392255691783,2.249076426249098
0.6186598517473181,0.9299250414010687,2.9438614074626193
-0.8489882332214906,7.619152166061161,11.004450168631848
-1.4153864380414083,7.760690034271519,10.672795485084958
-1.5863611831599158,8.167701575823312,10.06391092153819
-0.31855125480319724,2.002730674761051,4.70708066265949
0.5010928994383306,-1.8158649230148307,1.1873713113833866
-1.0916606312898485,7.050826346100312,11.005508335367686
2.0541775546230103,4.281762212137872,1.5892209286584191
-0.4795976288254328,9.344702865713652,8.700643924641879
-0.9918759065883775,8.971938708925743,9.182742983009899
-1.1171458652759567,7.459409194820042,9.097415166866398
2.1481649955279076,4.2928524460808655,1.727842133405301
-0.8114254778999381,8.722096951891015,7.757756463373921
-0.010133588459775744,-0.9982419963322843,4.161804035939783
0.45895872730978304,4.359454290161829,2.2449029130165012
2.0922085326695736,5.643240343996315,0.28783387004372885
-0.08153446560244926,7.358239278679317,9.69665692891568
-1.5494957268869773,8.68706195599781,10.585928223040186
1.6428947497808166,-3.2832573163086813,1.781111294120189
-1.5044420370640346,6.387920620619962,8.870219491695337
1.1008167231803423,4.510337175595402,1.1502729750634824
-1.1690133084863372,7.5357563469318185,6.351837833339943
0.1626715807166974,-1.8127684435585611,1.9913405350568976
-2.2737579791586446,7.107393398273791,8.96969248062753
-1.6119539328877766,8.477518812538282,9.3447998233315
2.1101363883313278,-1.3067047011778508,3.285836325421323
1.136928618894617,3.444802006818348,1.848846579107399
1.8621421963062266,-2.288538973575088,3.7553566642691854
-1.6493313987961056,9.313061790726806,8.574852632727962
-0.8552975937777452,8.052507210283743,8.925210191482671
0.9233362940057523,4.63679306935443,1.4062857585318018
1.5983960436080489,-0.710921196362642,1.9957856599723796
1.3534306896547361,4.233230098264765,2.659427228549253
0.10650441700499025,7.527613472014557,9.068063894030885
0.991029556915577,3.9127367483650835,1.6668479434629853
1.0911239580910168,3.717972145028695,2.354039559794797
0.3745358532277412,8.97810737613502,11.526508615558775
0.2400446863514698,8.125892560872286,8.990762204853569
1.1716903043063664,5.792170264543875,2.380111088424387
0.5761507456053083,6.880803796196492,9.433402487991758
0.21479935010730855,-2.00046065768093,1.8122875024438987
0.49685027733285503,4.615150830725181,1.279247054509337
-2.227508934750667,8.086368687060213,8.136056702956843
-2.8928847990934905,8.27317559395171,8.843139537045355
1.0127630865494002,-1.2125633099064173,2.9542077368668824
1.448419076063081,5.123704620500348,2.9627871385397166
-0.6762750168078687,4.781129538503242,7.438679687563124
-2.3811579909521936,7.881196804279395,10.211789068228942
-0.0850904985676122,4.978920631066815,2.96915785151427
0.8493751312501212,-0.1912080660488542,4.500838648080607
-1.4636538785203528,7.120741917440421,8.475534328340048
-0.3120127057347215,4.313358617806922,2.4729308642420342
-1.9816952063612652,9.518228739353424,10.538574470862068
-0.27629526184989794,-0.36774380262616235,3.508656424042164
-0.08719562134843883,-1.9456283613283414,3.6292480556291524
-2.0848679221659423,8.19698858688919,7.348035375019271
-2.5201088131581684,8.260843042704838,9.118758970117335
0.9317744571536908,8.544934238813141,10.197597555711278
0.4614511750194365,-1.495055881753982,1.477614438397519
1.3298101851531805,5.334129558872794,1.5523269675422073
2.877321466649993,3.430469603613478,1.9734073892509503
-0.22191663458064514,5.070556094025001,2.2727930659682234
-2.372350052166173,8.235022632484624,9.698516300017785
1.4043510296034716,3.2639994738944678,2.346495901300198
2.7589158836097907,-1.2308433106275638,3.0339291172008287
1.4832248082150428,4.446969591193786,1.549704213489928
0.5529058863898335,8.431865005088522,9.099091580690393
0.008841707405453869,7.279116951878392,9.532291312063538
1.8149915326204185,-0.9728094531348569,3.571668143227801
1.0723296154820854,-0.3873877745989287,4.289927472248913
1.1796207517259487,-2.5496315188920704,2.935657105276487
1.952101670915066,-0.49548289900669773,3.143911691758482
0.06391636633277364,-1.5213904780369372,2.9986955032845284
1.3405895555767435,-2.238798325726276,3.9462834195180436
2.1905136524938538,3.729572105264102,-0.0676831765020034
2.3852096985704954,-0.7806742295985258,2.9666741142361865
-1.903278925367028,9.070915248370923,8.991479956643358
0.9020705517460879,-1.5226347759994783,1.1306735611836143
0.9042880407470808,4.372440305744145,3.2208371166960346
1.0703844347841003,4.685825647765513,0.254466405563317
2.0957299908461913,3.335207723369856,3.288496250369609
-1.082848934808109,7.907212415973196,7.805816973269164
0.5299055850019312,-2.821582583928019,2.3125571352834537
0.08128071236428636,-2.4706337083117678,1.763849308311366
1.4452478330284544,-1.7830004247293807,1.6823345284244962
-2.1570438348293983,8.972277685922485,8.367917136962486
0.4027261570204278,3.920110141603935,2.3469015615669333
0.3202758986626346,5.545915822454848,0.5867110603267167
-2.3765392108781587,7.833789462667706,10.162440673396137
-0.36578010571694053,0.7329487405599227,4.213064429919129
-2.3726727739365527,8.68422083995873,9.652985743823592
1.8139898436914228,2.8136759150833655,0.9850525182688414
-0.12592600836915357,5.382366428912042,1.5365334559268193
1.5083062111194674,-0.8351905922016325,3.2871796410453036
0.29198663816561765,-1.4741759895345095,4.8616031552091705
1.1662927749551968,-2.0987104787586524,3.4035378625299426
2.044103653817844,4.575383068248353,2.6745692877365586
-0.5535989222575817,3.598451322159989,-0.13585601791312918
-1.4052801546523797,6.592292686777514,9.682543273521437
1.0655281752505634,-2.453813150385579,2.041723815371371
1.361203425166177,-1.2884233783411676,1.239438083311013
-0.26374803069419805,7.993407446623278,10.14135504813239
-0.11347233400127843,-1.3052935724359371,3.2539060777436806
0.21486874699186498,6.278925167766663,3.161201640397703
0.5784402758217033,-1.8249141169182472,3.040570501088224
2.1010261312714436,4.4158481186650675,2.5744087473019346
0.7653252743973845,3.3289302805200798,2.754477646907653
2.5458234782696203,-0.8873039399731957,0.6046194178850248
2.7537872636402247,4.807266451896594,2.0621870772393773
-1.4734011346009466,6.913827624860822,8.203405200015323
1.287012989093467,-0.7905454728590671,4.246168376768488
1.077595860452083,-2.2726562017773353,2.4206826036821223
-1.4485762328591436,4.556522698351665,2.10131240251492
-0.3668866517580558,5.729293454061137,2.283849532455782
0.9398800041640198,-1.3570704797454585,3.7411354966756982
-2.4161384783368955,8.522409762301821,9.961583887838263
0.186306443066118,3.832947701845831,1.022213807860603
-0.8886436515669465,9.671239835807292,8.092493258102115
-3.21940705455484,7.281693604118967,9.138680660963542
0.39044720388714116,5.241346169685137,1.8006594296478375
0.4388343105064797,4.616122222595506,2.0990415286344217
-0.57478765785241,8.315247865743185,9.249483036914574
0.7709864036488312,-2.093853848323657,2.2366293954636967
-1.6707993631551064,8.260391576695419,11.584311023524247
-0.3968677483000491,-2.362717887209535,4.071142648629738
-0.14781712555311488,-2.3334688020842203,4.934095678774456
0.29045078119347756,4.522510638972915,2.6203146001590842
0.962642569357341,4.027595320178339,2.110614379912839
-0.3173642005475459,4.980814138978239,2.4793227198758445
1.0649380402509188,-0.4134897449286208,4.72433257960283
0.45930227533432266,3.6429535844152534,2.360666843035896
-1.048713898321201,7.322079517303738,8.86299510882841
-2.2372560276144524,8.632277084823032,8.915947599339628
2.683053796500298,-1.1698617536516869,1.8082701703608361
2.2837549992794615,-1.8213291222523151,1.411306615675756
3.577149250867844,3.999050846613482,1.4721328974718104
1.8835500413429829,-2.0582465017427847,4.82831192580065
2.0264120354782986,4.271717940233877,2.0075336558623387
0.38627407063796027,0.5349946597051156,2.82083257943172
0.4781969759386693,3.9408962135846735,2.31922783038867
0.2026833085701979,3.6077718898478306,1.642911081445916
1.5530034276679427,3.357856998317992,1.7439645340031946
1.6524020100234944,-3.5430303671485643,4.558545595206411
-0.16273878930439456,9.708049531083502,10.283917743510138
-1.9379152183333086,8.984045022670198,8.045571195749845
-0.36843135141617656,7.150035668537281,8.42896761977839
1.4751146695213073,-1.9976590980517335,2.214102636812178
-0.5421232784041539,7.752893748385611,8.058200981877492
3.076198460498296,-3.3774789730547075,3.36704962685906
-0.8896013907627545,7.470762310810798,8.395742310482035
2.71652353948443,3.9397005516669106,3.39922194101781
1.634043609289443,-0.788142887664456,3.359416270379987
1.8930637713954257,-0.9074567385240213,1.0445932240338995
0.8613712245186961,6.0468260475177145,1.7333883305492221
-0.3330925445468824,-3.3246145315503988,1.7808118296441762
0.23019888713536407,2.92043795475589,1.7678770123517826
-1.0966934925281073,-3.101233596542755,2.397750251299823
0.48227573266456364,4.318423985870831,0.4488010626850454
2.2423886084042737,3.7979107876878784,4.600468299903932
-0.18181370416154574,7.706169513330787,8.968515903140585
1.7907176699123484,-1.5432308732752744,0.9456836040284291
1.1740290752432694,-1.534147164202384,1.5090461193071718
-0.49834174924515695,-0.7721044982310777,2.4978571940506678
-0.20662396920006376,-0.8662300416690338,5.049014370933994
1.556068874567874,2.950054488366205,1.335740855853829
1.1589346743827615,-2.5862754796002028,2.370255401906767
2.6727397323006947,-0.8505721564273746,3.808500135333407
0.08092938882510392,8.255888806929569,10.483589705496723
-2.1956059837775803,7.610428097021023,7.643237959343871
0.0481108939762821,5.794509244407413,2.2507668567082058
2.410337101107561,-2.6160091377105257,4.791635730013821
1.394934631771551,-2.5290255040220817,2.857470594902552
1.4874894294607222,2.8254670644486453,1.2486606651523402
3.100459758828731,-1.831486352333272,4.293553646099481
1.3956237528671394,-1.7846222542106216,2.144529774284388
0.46182458062877696,4.616574399843332,3.619780126040376
1.214419117731786,5.9348385768663245,8.50832553651453
2.1529305696027903,-1.6581246747704965,3.277137146111565
0.4773808004486962,-3.86954041244228,2.243379146389897
-2.29344454134831,7.898393891410908,11.45429778550384
0.787498181470353,2.3148126402624056,1.783584119409643
0.13618642169950101,3.323816333779105,2.327469716074169
1.209538923943021,4.574472186291728,1.8108601254307783
0.08881976432206962,8.088791315284176,10.116306485470272
-0.9682981054043232,6.231207197083285,10.136620052674926
-0.9276242097190089,8.223023441727609,9.745266128944472
-1.3113698474110955,3.7523132022557286,3.262888186461746
1.3366973456605145,4.711935446744988,0.1145518454112977
-1.4067414822705173,7.667662929648222,10.410533876911936
-3.047453209314147,7.14893271676445,9.274628140221605
0.6162181941176603,7.2331869569706475,8.189864142338234
0.7927671995443388,4.696095383104264,2.296902327987819
1.6197145650318803,-3.2887942841215336,3.929590652745313
-0.04410154927998744,-1.406768756474107,4.120223989224655
-0.8277756741451905,-2.4626825436747577,2.126074853021455
2.0477350794054425,-0.7925322311331141,4.292863793459107
1.108795714283639,-1.580711999904499,2.0138608001262384
0.4277065402423189,-1.3547077118190682,3.396678882035314
2.300109353153811,-2.045225395090009,1.3280937892495956
0.7973525920631698,4.100276970772704,2.4519601232265966
-2.811979512419647,9.236506805051091,11.996942964424235
1.0261684927840928,3.3682568719780357,2.342655173300499
0.9432330656813956,5.5050584304434,1.9716630930878603
0.7671414611818693,4.908359604278473,0.3122092905098959
0.6212033720059764,-1.1826578341777616,2.7657881091849554
0.13922619910275225,-1.1036255955555143,2.8313984406638655
0.5046657449986688,6.116141978979852,-0.2388699573665396
-0.11284724122054213,-1.7358787735737804,3.8154117043239877
2.1893576845938973,5.448506129830944,3.7336719701396195
1.5488087876952146,-0.9907180475464981,2.7633923511650167
-1.6999922852416314,8.162886693233904,9.378438193850057
-1.0796573693955294,7.814708547377598,10.758273104580077
1.0664846138037665,-2.083233562022431,2.1004662018848452
0.8837535739176285,-1.4861857522901083,3.8427148746949173
0.6689052681644874,3.937263386495284,3.174979483621838
-0.9532562600961552,-2.0207514902416537,2.420567194876811
1.667435119765154,2.397950119522506,2.337311848339526
2.063145774259301,-1.2911277281321905,3.3017852100309355
-0.14973614519952338,-1.6419563706985378,3.1668770253017255
1.1382595937303126,4.83882564489764,2.885856131298483
1.3135224783239878,-2.5372741470834406,2.6858546024899725
-3.1185829461454477,8.427496311162473,7.9727549186944096
0.8576539611087804,3.4956712722074528,1.336356575736954
2.8851720213931245,4.989766763493887,0.4355144040725476
0.1061308275342644,5.858359316769786,2.469760381167658
-1.9901199441827662,8.285819274032116,10.484509193226621
-2.055778532523183,7.364670813214483,10.48201611599791
-0.21048332540679615,5.6760446141948755,9.422320790699672
-2.2862927150998082,7.100432504846617,10.373754217647399
-0.6595343135957674,8.150818531870504,9.623641713371201
-0.13521521942154524,0.07739868915610804,0.8486189062834231
2.125710701681147,2.8954605342029875,2.15157831110405
2.019899667347663,3.5428400320970725,1.9698362038437824
2.1635409535859935,3.362565224915507,1.9270378244380402
0.7186063191597186,4.354158043637864,0.6750566463829624
-0.3467257455033965,7.838330927986313,8.33955879363921
-0.8578594395641838,7.767002959834428,7.852125635582714
-0.6295790889423156,-0.16156553363814763,2.7969880790694504
0.4067528146557523,4.479173860117602,1.5927619819968053
0.3697832585590233,6.194237941204506,8.743266854317914
0.5619425149721822,-0.7354085603229779,2.4522087220350324
0.6849440812030911,-1.5626083014911898,3.7275032763346703
0.7808528749645809,3.0391918892473733,2.9122006969518184
-0.4217731202703916,3.286740248726015,0.9658966850603938
-0.16134863646479758,-2.750411800205364,2.8981613396238437
0.48960748024266043,8.400330326908755,9.127035178339991
1.4390597817268527,4.160778756864344,2.317522387350375
-0.9668105390382566,9.103128289951972,8.792943989321314
0.3569539862847456,-1.9290879793377393,1.6098713313429682
-0.13457881897348378,-0.41274322766754,3.162663557040456
2.2801723058983656,-1.0120063553877925,4.558606738999457
0.05995401614812246,-2.967179245897978,2.692662894472028
0.7856140993338536,4.752424854938928,1.062837749774293
-1.2830659113965925,8.123670803281758,10.590648227620692
1.1947904618151899,5.618551446081602,2.3374650961913006
1.5367123732570689,-1.7548652573229933,3.030475097904951
1.0231745400659198,3.2715442907174825,2.458453202987834
2.484145994114601,3.3804456312015825,2.714045077905986
1.0418058883520447,4.714257617885761,0.886337165768204
0.970501174145663,3.321087647130744,1.2511078054910256
-0.7129291829735048,6.366724915339418,7.9128261068413694
-0.1928434418653453,6.727748901098874,11.659239286937016
-1.0384417294753465,0.07129952331689182,3.4114128776853985
1.0747567547756471,-0.4706640322011497,5.187241819385233
1.4031660988837262,4.290937935721655,1.7030192155101882
1.3628217510266825,3.904434486935393,2.7306488844109307
-1.7857068395101816,8.518240336246539,8.0723282003634
-0.2544707648694482,-2.5771878222329287,3.770693092178228
-1.7705568013173507,6.646484983656757,11.432009020637961
0.5985762535691701,8.411030958158813,8.167827994904405
-2.695800357793542,8.011534228239054,9.616544691303973
0.1486847409094716,3.7289582846467475,2.0345159368851338
0.0916679187861138,-0.5595542412175413,2.6060883646725834
1.8899758859633984,3.6310025430097568,2.18859201893066
-0.052083003714452625,8.574222283070265,7.821872758912269
0.08201134810450084,5.98908306265041,10.352727832043119
-0.014633203611088552,5.321667377165674,2.396854917377015
0.6296168091063763,-0.9889801687390538,2.066719765336683
0.8275696463933863,-1.8253483203448966,2.903437959052351
0.8525199625288947,-1.0994148197398659,2.1736940366574022
0.3735714183249814,3.9242619602486988,0.9076333684198128
0.10574614947176897,-1.746813869570445,3.206019164420746
-1.6060640256177297,7.2182192278774195,10.011748794974887
-1.304562181161212,6.866674904770015,9.545077934197344
2.0570819916019403,4.788099481569055,2.634408000139606
2.7463344862536054,-2.263066436049133,3.1984085542905776
1.637487825449477,4.92829480642771,3.2451841891512645
0.9445467833715866,-0.641508546704861,1.2771501442446629
-0.7848326000297885,-2.4141347410604306,2.7186662827425976
1.5034453517241886,-4.099613173348745,4.312272158059774
1.0663828695303028,3.3062197886103473,1.255229307038118
0.3684277499049844,-0.01608397261680028,2.540662018717211
-0.7734426960698446,4.931992581850652,3.1008934669212502
-0.7620366044073754,7.605568790585528,9.298547423454274
-2.135764845328672,6.855265631305137,11.970608494462613
0.3012482469840928,4.171003071328351,2.675068584755692
1.640805203465454,-1.6641540548128637,2.3098612495366053
1.1790858345877042,-0.969495142088921,3.3480599315652486
1.2514683941228153,3.343032715714602,2.4321944964281608
-0.6334725723728429,7.9211057902595385,8.60476771685663
2.8910922505701437,-2.9488161919709936,1.974787076781348
2.0213530828932784,2.631358693361544,2.6237337339913407
-0.24083672189703598,4.463273622791651,0.34058005508980127
0.7277741162396414,3.824304401751133,1.2138108501321847
0.9872608443577781,5.0874918507580595,2.717386717518842
-0.10659348232102239,-1.0883191778175885,3.0447732382545603
-1.4295766933914413,7.036581355997751,8.730990469198726
2.7674385397564105,4.474787765614185,0.32959616984551365
-1.577284923846329,-1.5903626084032914,3.2486603010428055
-2.670577929461043,8.110285562106135,7.516432732780748
-1.6996281024530326,6.94840322015545,9.176203856139175
-0.10977075542351544,8.813145499099003,9.298467201513981
1.1321045921064579,-3.6326272958916235,3.534816498657801
-0.28720201400094736,7.347625791958831,8.323381274264113
-1.6659750645593876,7.069945950779829,8.05246495140688
0.593783865132024,4.995449245818215,2.4091525329080943
1.4990211250721273,4.557843652748372,-0.1217485588820697
1.4658188367460292,-1.1384059395434827,2.9534811442192614
3.0607117693947106,5.817263418257229,-0.04555721160323234
2.029692077212885,-1.8356625693401403,4.539106190266299
-1.5360276455025497,7.72998584684837,10.595941188714425
0.16683891136947304,7.062095403115821,8.417542552365047
-1.9289664050739999,7.008512059073179,8.928699418040296
1.6122478466204007,0.15838060093212025,4.575629173255992
0.3511234624099149,7.287111012675194,8.35946443663995
-0.2847208568336196,7.306473433160672,10.451502261630758
0.07547329489795906,-2.153504637506459,2.0263873711299243
0.045966331115981585,5.192767439452957,3.7507293542674303
-0.6906316687755312,8.812933217441683,7.804270904220022
1.092994409702558,-2.7639780098134383,1.8005417020021977
-1.3762595878217176,7.211181962299589,10.951869904677238
1.3735302857281662,-1.8114635076263754,4.061159133780752
0.8335149582324675,-1.805643217875114,2.0170937930184105
0.8392500736790481,5.29121182257561,1.3367178396065795
0.6453482595630509,-2.4402561838313277,3.996112491080833
2.811571337941335,3.463847469867084,1.2748434706629375
-1.8634671597750758,7.189202560540761,8.218155590057718
-0.8864413193410869,-0.5097698404931901,3.2813409423093867
0.06685438147477585,4.894692630023692,2.2617289388617374
-1.9567561792098966,8.657193954462342,10.627968882242966
2.083894756621426,4.480026079764516,1.1149139792175045
1.8213371315171045,3.7195968563594755,1.525265152897135
2.403524939538193,-1.0132384461227344,3.3655163740645277
-0.9381375473639362,4.377022896606345,2.8049556544254894
0.14793626790793635,-0.3255776570982791,4.1576634901963505
2.040519761486677,5.455117162056356,1.282809814407722
2.797973386316036,-1.805736083949675,1.9206878310264757
0.4905939057445674,4.252090090353827,2.62232389346708
0.8586952855630847,4.676907488187665,1.6692387504040502
-2.118864286267044,8.292852478561263,9.408695079518434
-2.3225432027215396,8.778843778050451,9.616674164326641
0.6063540047281535,5.253407544897859,2.0359691466335366
-0.8340368917286587,5.834614125202642,2.022016428222348
-0.5385095168952558,-1.3755910681570973,3.036259018149949
-2.360506142776102,6.252008760782194,8.523378533643584
-1.4972683301194365,9.223976687953723,8.595357040894655
1.0673297443557959,5.128173666073435,1.755659098537127
-1.564203485067328,8.428544252310717,10.246195234299734
0.27838633684311986,4.191085678927014,1.047002676225289
0.7309093836560603,-1.4344493049524003,0.7466453932360726
-0.013890063963833632,6.176181405974314,1.8141939309729669
-0.3346321361510003,-2.308991276884087,1.5826934131052632
0.6432126771051705,4.351152144738689,3.5180079688812826
1.4473839664851833,-1.3846016274650428,2.8793734578469574
0.1985828189380796,8.94703784792159,10.913003347821855
-2.234776052985125,7.14604427085656,9.544939446483225
-0.26566085637192915,7.002692223091861,9.445412133959508
0.8277431980397748,2.729205180627485,1.5595793239460458
0.7932896264398221,-2.120380005081315,2.047440793803448
1.4006825373748097,5.3930963725530034,1.6710818404347552
1.6274794243888482,3.1732908779461613,1.27792086567076
0.9218052347652407,2.4925085365303437,1.424092303685038
-0.9906785562250445,9.554545094193957,9.8095379285901
1.928310156972107,3.6728399523719744,0.6349902584948908
-0.3469863729310225,7.722342845627871,9.186798015549693
2.2686050412533616,3.3650254203304075,0.8427346182580988
-2.201864698693005,7.0911961795617255,8.089716062319862
1.0117128506857287,3.8258862317734588,2.678960691773574
1.7374834773534733,-1.0414327432124717,0.6934674567373396
-0.8051653726725051,7.0385757455533415,8.997135884515405
3.757718224340811,-1.8824194434746864,4.28464112206662
1.0688610517254211,3.0276595101577177,2.689885997085667
1.8289827021485872,-3.353024793887296,1.626896480093094
2.9250290931904397,-1.1925504839392511,3.48927874494074
-0.08462077812442192,4.3582611770954856,1.9509888892095586
1.8065563494358554,0.28515880104673474,2.6614018442044625
-0.7196466186197789,8.061292847214975,10.495277159531378
-1.5020729010560268,9.034774698193278,9.80629987583674
-0.11318016479130133,8.358359532065695,9.229515768213437
-0.09181797211620613,-2.6610213390813264,2.7961156054665075
-0.6608129904712611,9.411224509664635,9.722375108941396
-0.505173585718556,7.394575127706767,9.83561997601711
1.026392753774279,-3.5024190060014706,2.742928791566501
-0.9095953712546941,9.16306153276462,9.159204710339573
0.5690849760060511,-1.4870881466416501,3.4605298996150298
-1.3578193070186086,5.838469315922798,8.299097718095515
0.7177934597906703,8.822175168345696,9.554472100752822
-0.17663917861923295,5.244818138433079,1.0267405902901015
0.6735372464174432,-1.9051754752111945,2.4840580199593036
-0.9814587851521124,8.850267998974495,8.79987355910617
2.983638155493366,-1.2941357219899992,3.791669314275426
-1.7944353801699067,8.538636586847174,8.118741434062846
1.6097466267333496,2.2845316105609768,2.5480316230961204
0.6701702394571896,5.205728144679834,2.887646287852787
-1.3490469263333427,8.832612874763738,8.564120544514456
0.7946875058152991,5.713991958579604,1.6807958304526718
1.3945389980173115,0.1171001138403378,3.461515397728713
1.2891232550014147,-2.0056690636585386,1.3297152033648556
-2.6580202677866245,7.8595248726211535,9.238729547785537
0.08819844369029783,3.7587026548366413,2.6637965627622515
1.7082255610963397,3.7523381472485635,1.3031338088991462
-2.0120880080034835,6.699649202260483,9.402731482842668
2.5112992076656777,4.870227365477708,2.2045326131452123
0.8866896766033916,-0.4510194503013656,3.521425985652715
-0.27556451533722126,-2.5003848310189265,3.666186330101572
-0.20532853392647255,7.666372011221007,10.826882300772361
1.2034688484778464,-2.5530058392286614,2.8224397217331956
1.0296149855656977,5.334603275117922,0.7782785344070642
-0.498093983762097,7.225745953854006,11.11045945686854
1.341921524255858,4.229863861800936,1.5617499501823178
0.8155743056631346,-1.0788999513036803,2.5183373713029615
1.8282020557472136,5.67476949234798,2.3293420534182694
0.7018217179980284,0.2363638887387527,2.3958915156398954
1.0110910885772935,4.304227091841517,2.2164721345908323
-0.8863306928976991,-3.0157910721516537,2.342437295865568
-1.0893520588641599,9.429622524108753,9.108129968308834
0.5061228372121156,5.063611043018868,1.7722731724170828
1.3800791074915995,3.2637586738723465,3.3086523442803464
0.9942085337359636,2.018307415524265,0.5764223938313147
-1.1584293268566355,6.830445357115336,9.773053496948275
1.587373788412204,3.426424005656452,0.43418002496167074
-0.24543103463548954,6.815956449560344,9.598060302345457
-2.11638595752052,5.891114962713251,8.198924046868083
-0.9016014977542988,8.811818076825354,9.189434334090704
1.65965411374929,4.068862672572571,2.9756702283571834
-1.2807080244135352,8.268915069982114,10.446194571391544
1.003759349421613,-1.9333538518106934,1.628797726543194
-0.6291238237489922,3.5962717399316095,-0.09383693494214329
-0.3751130983266624,7.332049690043185,8.110757561636314
-1.0544674747964304,8.526768655251058,9.923619056055234
-1.91207499158653,6.6276047068733,9.717002974643377
0.6876468593763466,5.35176955214176,2.3052250622519157
1.913649976818292,4.925528180932929,0.37439815063747806
2.152524058810157,-0.1156091442540077,3.049430144938886
-1.2124960516053236,9.756575990951294,8.457217856564464
-1.5122303099087804,5.887325987220725,9.055799109144697
1.7957366869193985,4.825775057053788,3.2525273862908493
-1.1657704259723674,5.4753035933900875,2.128737395077197
-1.1302523476321742,6.0061553489327135,9.060093165258461
0.8507841047004436,-2.27012300277251,1.1126135824564525
-0.91155978305718,8.473422031897567,9.461249368125042
-0.5632688371692998,8.835569296060175,8.710638819322227
-0.7271456857268241,-3.3690734403185933,2.287853135049017
-0.003174125061963351,-1.588114797427941,1.0251009040183012
0.927991640219218,-1.225575113912882,1.8526638628276433
-0.3104336614112866,6.561819844445375,8.887512265389445
1.4468414530814027,-1.4430152200603488,4.594645260840562
1.4408445414842346,-1.956811359909862,4.650108764220487
-1.6948785266467832,5.582353894179091,8.294030535551078
-0.828467119176068,-1.8558848387577491,2.598764190735349
-1.224351454072633,7.817535734714233,10.363469661929251
-2.283772960913022,8.330209878099534,9.19634200911012
1.1812831662654844,5.515150834708585,-0.11415567140964322
0.8126931114255727,3.676807419342252,3.7017733211057133
0.5320857911873358,-1.8991333727565751,1.9259466502228775
0.8632041730715487,3.9941945633075266,1.998082821240724
-0.18111304112442728,3.694870317818514,1.0530843007281834
-1.1991621229080192,7.740284590774232,9.992901607761842
1.3901700551890528,5.50110930809115,3.938621379348188
-2.063986669089021,0.583395824625653,3.4985523008774293
1.8267347817166257,5.093998593793733,2.1659943861575797
-1.0418967214638941,-1.1305823290979162,2.414441693404779
-0.5270886493948995,5.505246895023509,8.031836834857236
0.8120156376612738,4.960424004319936,1.254066478446555
0.2801586037733914,-1.28043007052708,3.148138577800119
0.8840183137551477,-2.164481951686322,4.154988345445973
1.4249889606542507,2.0222236544477306,1.2664580132985064
1.4689591217370914,-2.2365739196408065,4.941273248000774
-0.16853648818509925,4.251328622325788,2.6099147809154344
2.897617033907669,3.8440068037526607,0.9662330861957611
0.20050772517241822,5.299498676095447,0.12206274202576206
0.12352604587367799,-2.903311783514491,3.5844608228430013
1.4258826908237516,2.924736883954861,0.5571452319921333
-0.47595278085896575,8.408362381194182,7.570521943908187
0.20854313924421275,-2.060972485265432,3.430106464321071
-0.34069989865886297,8.056231377842353,10.16684481825354
-2.5429106678276887,-0.6981074507984767,3.734935027852453
1.4153010824228947,-1.3565239696418419,4.815377080888816
-0.13777886461429345,7.643735238139401,8.659838289275157
0.595511837671462,-0.8531521771047795,4.586146684033446
-0.9109247482445639,6.354801811296477,10.44301321374158
-0.4723534714626769,8.237972261312471,8.961068753007972
-0.15986545873125735,2.2216575784559596,0.40247556656863637
-1.3646812067548606,6.6677943136577085,9.10404805784928
1.2657310896759815,-1.4878394350542625,2.374027283543395
-0.030201714972656002,-0.8902274991015646,1.9383876029080769
-0.10200792403659542,5.6992595977544545,3.8427515669958803
0.9714773372975792,-0.6476846497982657,2.825760676735563
-1.8683278094795561,7.537985439642576,9.78621550223654
-0.9390111444958474,7.469821225670275,9.15745852375843
1.173757179606279,-1.2677417354985687,2.6718113842746636
0.9285663094175491,0.03000138878526326,1.332391227098736
-2.4348059104864195,9.117309460284895,8.232642607045772
0.0002904127848184501,8.23634109880347,8.827985469193699
2.114096944176946,4.1346300763064745,1.2913538492053762
-1.4827783198049054,7.057617415798421,8.765792305343787
2.9143050592231194,4.524178638379071,1.5801726310655324
-1.9941198151069635,8.454000940793279,10.457559022140032
-1.250469034737563,8.280429060512622,8.310470664018112
0.6246603949709215,4.893586466232009,0.5762993931344886
0.822615840624033,-2.0666128943303557,3.1309533290310285
1.8364320612399623,4.2610440046714135,1.9800903746193796
0.004958280239937052,9.83394591291512,7.545721590654498
1.9924652791332567,4.1061359363193315,2.397256345225435
-0.698571716555238,7.609854501447379,9.424499189397121
-0.10953051692913296,4.9435233223838635,1.6694041849897852
-0.9184561460918941,7.111729062668292,9.804144187723569
-1.7722764174353682,8.213844445496715,10.69058222684269
1.7719762347239572,3.961202798121459,2.4237344288367995
-0.4078648963829996,8.10366643726418,9.322252970830732
0.039470913828625,-0.7140213660566048,3.813491706204056
1.7632037670668215,-1.4739738437049401,3.6041321977920493
-3.0396145809929624,7.638557890746987,10.589841450403942
-2.570357200853608,8.865499969770633,9.95285924907416
0.8469532586773268,3.405247914656231,3.98591524076924
0.8607733493250692,-0.7448132796446332,2.1459935624952955
-1.5126596351573318,7.05956011775404,9.113415714346141
1.852782456447971,-1.9059764912470896,2.3620482168094856
-0.5667863551652665,5.9632476622778485,1.0851752991484602
0.655490209315536,3.711122511840907,1.663238095121252
-2.476823643987911,9.819090230697514,9.443307201062076
0.8419238292826985,3.546537655924727,2.218657322779793
0.6971682982740474,-2.1771628449691147,1.6766126218102355
-1.5764264982915752,7.779880251978534,10.058913762411542
-2.0055387452938485,9.159916094004686,8.80160646546145
1.836015392328198,4.670067862593104,2.7816906820424987
0.7380152328173579,4.635295477912116,1.192692627039111
2.0353126603736236,-0.964844679453339,2.747952267056246
1.7270314804907594,4.465905615081932,2.679167965337665
1.1025738317826288,4.2601582268922265,3.0679825401211467
0.4652615568493419,2.3321755626260896,3.048012289881547
1.0768264997621573,5.804444090488523,2.007837107735035
1.183345652601103,4.8272503546376715,1.3558727001002884
-2.388937985175161,7.03298494644083,7.691982005860479
1.295057270017177,-0.937730745219682,5.3013754298941285
-1.264183232646029,8.753386632765663,8.82324115786026
2.2769663500489443,5.221990153834312,1.8964670498581704
1.330782161440374,-2.069411382671081,3.563633585388957
-1.4883132192975195,8.039008368665021,8.266155727015388
1.5967092621158219,-1.0654999278418547,3.0423183275303227
1.0788892577923477,-0.7001220648947267,2.754614285717128
0.3993829550594703,5.4365285481253,2.5544337259044303
2.286137659525187,-0.75257891060584,3.8571810237040145
0.012206719704912827,2.3130085074481475,2.1449982483341863
1.08020599082485,3.4742161408117282,2.548026912848675
1.9359738881347208,-2.5284889215834094,1.550741277822358
-1.3586246506833755,6.618311549526137,7.372898368526292
-0.4091600406792597,4.748418970134418,1.2085057839513724
-0.5569850505629088,-0.012262153696345868,2.0561387292735724
0.11091025120584119,-1.0869582294309852,3.047243778448296
1.055595640687859,-3.044481638695497,3.0052280003238057
-1.5267768688908447,8.517990588717636,8.813289293327486
-0.0770579475151918,-2.261855564879665,3.81394052860004
-0.9014473529706564,8.150841614671961,8.882867606393845
-0.5936121205172942,6.950239371297882,9.746592403273251
-1.7844480785251178,8.036831080026394,8.572320613527642
1.5325445859062672,-1.1167048386287892,3.1928357973369557
-0.26993300064750503,6.500027250824759,8.31067971988406
1.673642902680943,2.5663580897830465,2.171123219325952
0.7056797708478888,-1.1035364049328553,4.095564390943471
-1.4932530056685018,3.1546635722015792,1.5542967353708967
-1.2868277086247562,7.763484341459655,7.896298130186474
0.17803277968082076,-2.6999162819228824,4.539375706718122
-1.8821674201941225,8.537598575779269,8.706308473332797
0.7958248161249022,-1.4475166652839848,3.654216696367418
1.0268559554966445,0.23576457355923353,2.5021656615816084
1.2219352983509404,-0.2300610229795581,4.221789715140197
-2.435674500272181,7.649084669270109,7.5651185882032435
0.0012891127328533702,6.234288678617261,3.5491218009110312
1.8418568152921715,-2.5827301213292957,3.045547360799401
0.2747399283524139,6.907474649168059,8.917709548701568
-1.3959486848821738,6.550384941526115,7.986520134413488
2.078194827905329,0.7926048799691254,2.476395660509841
1.918104416720949,4.021652185844471,1.079612855760506
2.684308467814808,-1.5798395724556609,3.246316315044342
1.9498687908276424,4.511070099883154,3.1549094941023714
0.7318674910635502,4.485770411425078,0.7168589640729615
2.619881364152967,-1.0658545450257526,3.7350312056926978
1.0624083787431529,2.5665524002572977,2.2102012988737605
-0.7631559567417372,6.6479350476646175,10.20303778955965
2.890624457724499,4.784476622752317,2.0675768163272674
1.3433056176459814,4.636654767546166,1.5593994923340342
0.006249091828487319,-1.4456689186109826,2.3468885715233583
0.28057918560059847,-2.781577876449761,2.011007676121713
-0.7706197747207717,0.4196125439190639,2.7824845016936846
-3.424762736472672,8.649490253641488,7.983941771295228
1.6144583466646847,-1.4647572769426234,2.823722336948524
-0.04137793794456579,10.01377487494677,9.804904327338539
2.5004968913122516,6.167362645236398,3.346645441988535
1.2149240677016995,4.709429763566921,2.3549262511248794
-2.536916824703287,7.972375224524267,8.529419739581597
3.279673658824334,-1.4573641808488258,3.1551420852498007
2.452259911028767,4.950567424587176,1.6909332094985658
1.0744567693817448,5.209277280637901,3.0740089583330588
0.046130083700252955,2.8097138088902565,2.5240067897624687
-1.9115698358841975,7.863573944704653,8.12912043963226
0.5415628424712968,-2.0867033270727804,2.6515573763864166
1.2667395626441946,-1.71393529321674,2.9949961993456613
1.3426127052267915,-1.4459384223612706,3.0243097893551067
-1.716933196726254,-1.0467982272415832,2.1690958759106547
1.203195803237794,-0.7019517296766964,3.874680123848658
0.9832737921737267,-1.9693618999208087,1.8279747599450265
-2.039231608724165,7.960023080077676,9.801310926108638
-1.5311766191387495,6.957555248805834,7.843963321796138
-2.468804298709996,8.192077540713033,10.99757745051988
0.3705993219165258,7.189412713247708,10.036748274272464
1.6831124673128324,5.096395112176477,1.8218444395372237
-0.015307866611385723,-1.1001641752237785,3.354426818603293
1.9855146094610514,5.017176897967928,1.3272098026044703
0.296007761635376,9.130520897496694,10.089725634491261
-0.7889918169642478,-2.0169719388746468,3.525334990486183
1.4546749583789118,4.39552497920373,2.097920998298672
-0.8125714496717991,5.3056016440155,10.034327070263906
-1.9289132013388361,9.147632144275118,9.782326431243607
-1.5174466540135731,9.449236901595855,9.144797445881114
1.4045958168075443,-1.579567126025129,4.757587684223678
1.8169998795086804,-1.1025296863638019,3.686042358738552
-1.3558992783114945,6.779189688501344,10.03010154364713
-0.821415253808407,7.256604253781066,8.226306500026627
1.8695464362604728,4.690548492144033,2.050133249573679
-0.41492303676007647,4.34004706914198,1.2408619600747115
0.2698262195221425,-1.899158718231087,3.762779862156557
2.519276708212101,-1.962964859608087,3.9247520691468747
-3.115840270900345,7.928687521370281,9.671091845746718
-1.6757443414357986,8.045085948062507,10.001284586254922
-0.8035100191508147,7.496342214629416,8.64022254603333
2.8915969341455376,-1.6912010275495393,2.5849381813329533
1.8002033440507552,-2.812593451593551,3.2281848846993317
1.3831862133034667,-1.9707123915561842,2.5946714623674847
-1.6939535272360342,7.939838815177863,8.86277644876249
-1.59206059308127,8.619203270379979,11.057000430153943
1.9750434203403415,-2.712800399216209,2.384105759973349
-0.17519556693028493,4.020601451686841,1.9854077662844714
2.6601925367117096,5.586159746045876,1.71157729768843
0.694743727989845,4.864156659649771,2.8104765027483896
0.5449502617092813,-0.990142380338694,2.695747285140985
0.4906237234642068,8.271240080835877,9.928118981501928
2.262242639648106,3.1487202969345702,2.1741439755844496
-0.026638202575014036,-1.483120962264854,1.158640474792675
-1.0709694018377358,-0.5869988819632916,3.381111437305695
0.12374425884791296,4.690517232281894,2.966006946680185
1.1836190495334793,-3.0096439719045005,4.561808529225727
0.5162155487932396,0.849708326137089,4.176496888418931
-1.847672921568942,8.560272444173922,9.082781785962462
1.390032299360482,-3.031225648671349,2.732362499447468
-1.4788483810482487,4.8011005985249975,1.5502545127552474
0.8489856287437733,3.462803316578767,1.5599613206259269
1.693225270687357,-1.376392534697569,3.275521956366704
-1.424443080752048,7.95619766799728,8.013585808957849
0.5361587836444708,3.398674434497289,1.730701039082371
-2.5183118864599483,6.641592374794139,8.544197689525603
-0.06840443540899332,-0.4699161214036345,3.9364313854554958
-0.7736779351523653,9.814777057287532,8.627059524660721
1.2595582570143957,3.505862703353556,3.6219964635460133
-0.44668588861886604,3.47732620677496,2.8394761476670443
-1.4964120435122135,7.780593884520513,8.793235273303734
-1.0389045185270867,8.19926005472849,8.98913711954563
0.9054938382271919,0.7630325461064449,0.5527855885716946
0.04212505226977026,7.262368064645625,6.068984148467471
0.218796329899959,-2.182536950625483,3.9578745942959164
-0.9725776556044927,9.227262534925472,10.193246847166845
1.3818210274534222,6.984956891544929,9.64726972494305
2.5337274409208415,-1.1655612441842624,2.668030497738718
0.46783738724730384,8.196975659932535,8.642789295993383
-1.1339340055699745,7.7853433467196815,10.825768336621294
-1.5393708533218633,7.351350607098357,8.513724841301608
-2.326241030915212,7.421232527135594,10.877942154699175
-0.3769298627028812,4.274841799163397,0.337835049976815
0.626845220194512,-2.298066852170238,2.5797562932341456
-1.1598274434328888,7.331088312898528,8.523672506248023
0.5183476581425921,4.72918072591804,2.0272963379630977
-2.026007889821278,7.937452210475632,9.6962477722933
-0.2937369793850533,-1.6194902829828899,3.1179800941171196
-1.5089682078589552,4.884370708346513,10.07635204953735
0.9668854086764306,0.4465477629631287,4.154783303714957
0.5967055690807888,4.160564093370887,0.8291267310621453
-1.403240267764577,7.440178148673143,8.472791217035006
1.3384216382618366,3.8902912554592195,3.5956564334153245
-0.25432303813402624,2.345515717943158,1.53730483530035
0.7288550305114597,5.895845668088949,2.6181875205838585
